Reference period,Automobiles,Motorcycles,Other land vehicles,Total
01-01-2017,103844,11,0,103855
02-01-2017,130736,35,0,130771
03-01-2017,84231,9,0,84240
04-01-2017,79621,20,0,79641
05-01-2017,84516,18,0,84534
06-01-2017,106217,16,0,106233
07-01-2017,122080,21,0,122101
08-01-2017,109364,16,0,109380
09-01-2017,63833,10,0,63843
10-01-2017,51055,18,0,51073
11-01-2017,55828,20,0,55848
12-01-2017,63648,1,0,63649
13-01-2017,95021,11,0,95032
14-01-2017,119454,13,0,119467
15-01-2017,108984,21,0,109005
16-01-2017,65306,8,0,65314
17-01-2017,52142,7,0,52149
18-01-2017,54908,12,0,54920
19-01-2017,62319,26,0,62345
20-01-2017,84958,74,0,85032
21-01-2017,107405,81,0,107486
22-01-2017,102759,26,0,102785
23-01-2017,59309,18,0,59327
24-01-2017,45566,11,0,45577
25-01-2017,57141,41,0,57182
26-01-2017,62639,25,0,62664
27-01-2017,87575,27,0,87602
28-01-2017,103607,25,0,103632
29-01-2017,96287,21,0,96308
30-01-2017,60328,20,0,60348
31-01-2017,51709,11,0,51720
01-02-2017,54132,23,0,54155
02-02-2017,63882,35,0,63917
03-02-2017,80534,24,0,80558
04-02-2017,93619,25,0,93644
05-02-2017,79939,19,0,79958
06-02-2017,53902,25,0,53927
07-02-2017,46952,19,0,46971
08-02-2017,49999,14,0,50013
09-02-2017,55694,34,0,55728
10-02-2017,78074,25,0,78099
11-02-2017,102924,27,0,102951
12-02-2017,92835,20,0,92855
13-02-2017,72277,11,0,72288
14-02-2017,62237,13,0,62250
15-02-2017,57984,23,0,58007
16-02-2017,67534,12,0,67546
17-02-2017,111808,45,0,111853
18-02-2017,143174,34,0,143208
19-02-2017,134379,32,0,134411
20-02-2017,133518,42,0,133560
21-02-2017,71743,26,0,71769
22-02-2017,71359,12,0,71371
23-02-2017,74636,27,0,74663
24-02-2017,96198,22,0,96220
25-02-2017,113250,23,0,113273
26-02-2017,107907,15,0,107922
27-02-2017,64535,16,0,64551
28-02-2017,63433,19,0,63452
01-03-2017,63203,16,0,63219
02-03-2017,71064,9,0,71073
03-03-2017,97792,14,0,97806
04-03-2017,120376,11,0,120387
05-03-2017,112145,20,0,112165
06-03-2017,69982,17,0,69999
07-03-2017,58459,50,0,58509
08-03-2017,63861,26,0,63887
09-03-2017,72941,29,0,72970
10-03-2017,97571,17,0,97588
11-03-2017,117027,17,0,117044
12-03-2017,114288,7,0,114295
13-03-2017,79124,18,0,79142
14-03-2017,56381,11,0,56392
15-03-2017,67232,18,0,67250
16-03-2017,93146,17,0,93163
17-03-2017,126219,40,0,126259
18-03-2017,156937,26,0,156963
19-03-2017,154411,20,0,154431
20-03-2017,85649,27,0,85676
21-03-2017,74966,29,0,74995
22-03-2017,71633,15,0,71648
23-03-2017,79328,18,0,79346
24-03-2017,102268,29,0,102297
25-03-2017,136586,36,0,136622
26-03-2017,129356,24,0,129380
27-03-2017,75323,16,0,75339
28-03-2017,68366,16,0,68382
29-03-2017,75898,44,0,75942
30-03-2017,84671,44,0,84715
31-03-2017,111463,37,0,111500
01-04-2017,137974,14,0,137988
02-04-2017,140190,59,0,140249
03-04-2017,92763,28,0,92791
04-04-2017,75831,26,0,75857
05-04-2017,80760,35,0,80795
06-04-2017,80653,40,0,80693
07-04-2017,109262,28,0,109290
08-04-2017,140545,60,0,140605
09-04-2017,151066,54,0,151120
10-04-2017,93084,43,0,93127
11-04-2017,79317,26,0,79343
12-04-2017,86782,22,0,86804
13-04-2017,107771,44,0,107815
14-04-2017,144549,60,0,144609
15-04-2017,141071,47,0,141118
16-04-2017,142437,43,0,142480
17-04-2017,146749,46,0,146795
18-04-2017,85699,50,0,85749
19-04-2017,80990,53,0,81043
20-04-2017,85450,26,0,85476
21-04-2017,110996,46,0,111042
22-04-2017,129004,45,0,129049
23-04-2017,132301,89,0,132390
24-04-2017,78420,45,0,78465
25-04-2017,69496,14,0,69510
26-04-2017,71452,25,0,71477
27-04-2017,80983,51,0,81034
28-04-2017,108154,62,0,108216
29-04-2017,130661,95,0,130756
30-04-2017,137389,52,0,137441
01-05-2017,79840,146,0,79986
02-05-2017,70839,88,0,70927
03-05-2017,72424,88,0,72512
04-05-2017,77266,81,0,77347
05-05-2017,101918,119,0,102037
06-05-2017,125302,117,0,125419
07-05-2017,131302,174,0,131476
08-05-2017,79537,93,0,79630
09-05-2017,68229,124,0,68353
10-05-2017,69417,82,0,69499
11-05-2017,80525,88,0,80613
12-05-2017,107301,161,0,107462
13-05-2017,129941,193,0,130134
14-05-2017,138200,147,0,138347
15-05-2017,83203,96,0,83299
16-05-2017,67281,116,0,67397
17-05-2017,75693,126,0,75819
18-05-2017,85556,159,0,85715
19-05-2017,116006,214,0,116220
20-05-2017,135866,291,0,136157
21-05-2017,158681,744,0,159425
22-05-2017,225603,1074,0,226677
23-05-2017,97354,290,0,97644
24-05-2017,81252,240,0,81492
25-05-2017,97958,232,0,98190
26-05-2017,152168,292,0,152460
27-05-2017,172337,542,0,172879
28-05-2017,155573,522,0,156095
29-05-2017,92970,259,0,93229
30-05-2017,81363,199,0,81562
31-05-2017,78073,275,0,78348
01-06-2017,89092,370,0,89462
02-06-2017,116560,406,0,116966
03-06-2017,134736,436,0,135172
04-06-2017,150778,731,0,151509
05-06-2017,92606,244,0,92850
06-06-2017,78827,236,0,79063
07-06-2017,85171,293,0,85464
08-06-2017,96204,382,0,96586
09-06-2017,123005,444,0,123449
10-06-2017,141093,1134,0,142227
11-06-2017,174288,1889,0,176177
12-06-2017,110789,564,0,111353
13-06-2017,87746,374,0,88120
14-06-2017,91741,501,0,92242
15-06-2017,101025,757,0,101782
16-06-2017,130899,543,0,131442
17-06-2017,152750,1060,0,153810
18-06-2017,171317,2335,0,173652
19-06-2017,108135,527,0,108662
20-06-2017,94500,317,0,94817
21-06-2017,92979,317,0,93296
22-06-2017,114078,433,0,114511
23-06-2017,146628,663,0,147291
24-06-2017,171303,976,0,172279
25-06-2017,192368,1629,0,193997
26-06-2017,138080,758,0,138838
27-06-2017,108824,425,0,109249
28-06-2017,117237,441,0,117678
29-06-2017,135604,452,0,136056
30-06-2017,189026,680,0,189706
01-07-2017,222973,707,0,223680
02-07-2017,203370,1538,0,204908
03-07-2017,205044,1262,0,206306
04-07-2017,120181,579,0,120760
05-07-2017,151152,685,0,151837
06-07-2017,144801,562,0,145363
07-07-2017,165488,637,0,166125
08-07-2017,184564,826,0,185390
09-07-2017,201103,1406,0,202509
10-07-2017,133649,516,0,134165
11-07-2017,113351,427,0,113778
12-07-2017,124101,533,0,124634
13-07-2017,135556,572,0,136128
14-07-2017,170894,724,0,171618
15-07-2017,193674,745,0,194419
16-07-2017,222375,2007,0,224382
17-07-2017,142264,833,0,143097
18-07-2017,121962,691,0,122653
19-07-2017,129438,650,0,130088
20-07-2017,144821,631,0,145452
21-07-2017,180894,733,0,181627
22-07-2017,205197,1079,0,206276
23-07-2017,215244,1445,0,216689
24-07-2017,147927,814,0,148741
25-07-2017,126961,665,0,127626
26-07-2017,136003,755,0,136758
27-07-2017,154070,788,0,154858
28-07-2017,191330,972,0,192302
29-07-2017,218921,1443,0,220364
30-07-2017,226255,1809,0,228064
31-07-2017,154874,874,0,155748
01-08-2017,136329,1058,0,137387
02-08-2017,141257,1117,0,142374
03-08-2017,166591,1048,0,167639
04-08-2017,196041,973,0,197014
05-08-2017,221738,947,0,222685
06-08-2017,223545,1164,0,224709
07-08-2017,243118,1464,0,244582
08-08-2017,158576,751,0,159327
09-08-2017,151847,828,0,152675
10-08-2017,164563,1155,0,165718
11-08-2017,202778,1471,0,204249
12-08-2017,215882,1114,0,216996
13-08-2017,228211,1552,0,229763
14-08-2017,152531,998,0,153529
15-08-2017,129792,613,0,130405
16-08-2017,137334,745,0,138079
17-08-2017,154464,932,0,155396
18-08-2017,197606,754,0,198360
19-08-2017,207003,858,0,207861
20-08-2017,228476,1375,0,229851
21-08-2017,148553,691,0,149244
22-08-2017,145196,565,0,145761
23-08-2017,144438,553,0,144991
24-08-2017,148099,613,0,148712
25-08-2017,176286,819,0,177105
26-08-2017,197053,757,0,197810
27-08-2017,211844,1500,0,213344
28-08-2017,143353,684,0,144037
29-08-2017,118082,574,0,118656
30-08-2017,122320,620,0,122940
31-08-2017,140352,510,0,140862
01-09-2017,196202,637,0,196839
02-09-2017,225164,872,0,226036
03-09-2017,212043,667,0,212710
04-09-2017,246543,2113,0,248656
05-09-2017,109247,443,0,109690
06-09-2017,91584,276,0,91860
07-09-2017,93273,285,0,93558
08-09-2017,118635,416,0,119051
09-09-2017,146357,480,0,146837
10-09-2017,162658,1037,0,163695
11-09-2017,93472,554,0,94026
12-09-2017,82790,418,0,83208
13-09-2017,85265,398,0,85663
14-09-2017,95278,410,0,95688
15-09-2017,122399,543,0,122942
16-09-2017,151442,679,0,152121
17-09-2017,162684,1374,0,164058
18-09-2017,96280,351,0,96631
19-09-2017,79669,243,0,79912
20-09-2017,84657,241,0,84898
21-09-2017,97364,241,0,97605
22-09-2017,123239,381,0,123620
23-09-2017,148355,589,0,148944
24-09-2017,177528,1396,0,178924
25-09-2017,99232,644,0,99876
26-09-2017,78185,260,0,78445
27-09-2017,80309,195,0,80504
28-09-2017,88782,193,0,88975
29-09-2017,117290,256,0,117546
30-09-2017,137841,452,0,138293
01-10-2017,152132,507,0,152639
02-10-2017,93441,224,0,93665
03-10-2017,78841,149,0,78990
04-10-2017,81217,139,0,81356
05-10-2017,96448,177,0,96625
06-10-2017,138419,207,0,138626
07-10-2017,158524,224,0,158748
08-10-2017,157025,397,0,157422
09-10-2017,209877,495,0,210372
10-10-2017,94248,169,0,94417
11-10-2017,77932,94,0,78026
12-10-2017,86296,145,0,86441
13-10-2017,115714,343,0,116057
14-10-2017,136728,132,0,136860
15-10-2017,144389,208,0,144597
16-10-2017,84368,98,0,84466
17-10-2017,69764,100,0,69864
18-10-2017,71957,117,0,72074
19-10-2017,82682,127,0,82809
20-10-2017,117202,121,0,117323
21-10-2017,135479,209,0,135688
22-10-2017,152865,425,0,153290
23-10-2017,84088,215,0,84303
24-10-2017,69039,129,0,69168
25-10-2017,67804,144,0,67948
26-10-2017,73713,112,0,73825
27-10-2017,102695,83,0,102778
28-10-2017,129493,130,0,129623
29-10-2017,135694,108,0,135802
30-10-2017,82621,87,0,82708
31-10-2017,56826,87,0,56913
01-11-2017,68422,124,0,68546
02-11-2017,72369,96,0,72465
03-11-2017,101106,81,0,101187
04-11-2017,121132,65,0,121197
05-11-2017,125510,81,0,125591
06-11-2017,75907,39,0,75946
07-11-2017,64021,55,0,64076
08-11-2017,67062,40,0,67102
09-11-2017,76856,55,0,76911
10-11-2017,109024,73,0,109097
11-11-2017,124819,52,0,124871
12-11-2017,144145,51,0,144196
13-11-2017,107295,94,0,107389
14-11-2017,70621,53,0,70674
15-11-2017,66509,37,0,66546
16-11-2017,71072,37,0,71109
17-11-2017,100060,71,0,100131
18-11-2017,125399,47,0,125446
19-11-2017,128419,61,0,128480
20-11-2017,79209,58,0,79267
21-11-2017,80216,81,0,80297
22-11-2017,101122,61,0,101183
23-11-2017,98654,47,0,98701
24-11-2017,125107,74,0,125181
25-11-2017,142150,58,0,142208
26-11-2017,159458,92,0,159550
27-11-2017,80956,59,0,81015
28-11-2017,68528,57,0,68585
29-11-2017,65617,71,0,65688
30-11-2017,72850,65,0,72915
01-12-2017,97709,69,0,97778
02-12-2017,125458,80,0,125538
03-12-2017,132763,43,0,132806
04-12-2017,79398,57,0,79455
05-12-2017,64031,44,0,64075
06-12-2017,65779,48,0,65827
07-12-2017,69539,49,0,69588
08-12-2017,90570,34,0,90604
09-12-2017,115649,49,0,115698
10-12-2017,112786,53,0,112839
11-12-2017,72540,35,0,72575
12-12-2017,55644,45,0,55689
13-12-2017,60073,42,0,60115
14-12-2017,72978,49,0,73027
15-12-2017,92882,32,0,92914
16-12-2017,123359,33,0,123392
17-12-2017,116031,28,0,116059
18-12-2017,82601,26,0,82627
19-12-2017,74060,38,0,74098
20-12-2017,82086,51,0,82137
21-12-2017,93892,60,0,93952
22-12-2017,120148,60,0,120208
23-12-2017,130872,54,0,130926
24-12-2017,86299,37,0,86336
25-12-2017,63477,21,0,63498
26-12-2017,126304,36,0,126340
27-12-2017,124798,47,0,124845
28-12-2017,122805,44,0,122849
29-12-2017,144236,56,0,144292
30-12-2017,151006,67,0,151073
31-12-2017,111666,29,0,111695
01-01-2018,107534,48,0,107582
02-01-2018,100645,56,0,100701
03-01-2018,95093,56,0,95149
04-01-2018,87775,61,0,87836
05-01-2018,106448,57,0,106505
06-01-2018,138403,60,0,138463
07-01-2018,110999,59,0,111058
08-01-2018,59858,45,0,59903
09-01-2018,63635,46,0,63681
10-01-2018,60906,39,0,60945
11-01-2018,65852,55,0,65907
12-01-2018,82116,53,0,82169
13-01-2018,96503,49,0,96552
14-01-2018,101330,37,0,101367
15-01-2018,62368,36,0,62404
16-01-2018,52729,45,0,52774
17-01-2018,54813,50,0,54863
18-01-2018,62928,50,0,62978
19-01-2018,88797,81,0,88878
20-01-2018,116213,118,0,116331
21-01-2018,105422,73,0,105495
22-01-2018,56512,43,0,56555
23-01-2018,48608,30,0,48638
24-01-2018,55407,45,0,55452
25-01-2018,65379,44,0,65423
26-01-2018,89081,69,0,89150
27-01-2018,110909,93,0,111002
28-01-2018,107035,63,0,107098
29-01-2018,59479,28,0,59507
30-01-2018,53555,47,0,53602
31-01-2018,57752,38,0,57790
01-02-2018,65868,73,0,65941
02-02-2018,82161,60,0,82221
03-02-2018,108041,69,0,108110
04-02-2018,82302,48,0,82350
05-02-2018,59991,55,0,60046
06-02-2018,58206,45,0,58251
07-02-2018,47243,60,0,47303
08-02-2018,64586,91,0,64677
09-02-2018,73562,84,0,73646
10-02-2018,91087,100,0,91187
11-02-2018,91437,79,0,91516
12-02-2018,83416,76,0,83492
13-02-2018,67375,61,0,67436
14-02-2018,63836,64,0,63900
15-02-2018,71090,93,0,71183
16-02-2018,112646,116,0,112762
17-02-2018,149427,109,0,149536
18-02-2018,141064,82,0,141146
19-02-2018,143888,87,0,143975
20-02-2018,71833,48,0,71881
21-02-2018,69647,67,0,69714
22-02-2018,77778,53,0,77831
23-02-2018,92947,44,0,92991
24-02-2018,114757,46,0,114803
25-02-2018,110827,47,0,110874
26-02-2018,68268,62,0,68330
27-02-2018,64825,81,0,64906
28-02-2018,69150,53,0,69203
01-03-2018,69692,61,0,69753
02-03-2018,90463,47,0,90510
03-03-2018,128216,63,0,128279
04-03-2018,121878,75,0,121953
05-03-2018,79871,61,0,79932
06-03-2018,70851,104,0,70955
07-03-2018,73534,78,0,73612
08-03-2018,72679,60,0,72739
09-03-2018,106612,62,0,106674
10-03-2018,141164,57,0,141221
11-03-2018,135100,79,0,135179
12-03-2018,90363,111,0,90474
13-03-2018,80795,68,0,80863
14-03-2018,81709,77,0,81786
15-03-2018,104366,74,0,104440
16-03-2018,137874,146,0,138020
17-03-2018,172852,144,0,172996
18-03-2018,166186,145,0,166331
19-03-2018,87786,66,0,87852
20-03-2018,77813,61,0,77874
21-03-2018,78827,112,0,78939
22-03-2018,82024,104,0,82128
23-03-2018,114352,132,0,114484
24-03-2018,142807,129,0,142936
25-03-2018,140252,209,0,140461
26-03-2018,91459,129,0,91588
27-03-2018,87191,144,0,87335
28-03-2018,97103,149,0,97252
29-03-2018,121768,193,0,121961
30-03-2018,160333,226,0,160559
31-03-2018,169743,187,0,169930
01-04-2018,166505,195,0,166700
02-04-2018,166731,179,0,166910
03-04-2018,99648,162,0,99810
04-04-2018,86882,147,0,87029
05-04-2018,96020,92,0,96112
06-04-2018,107574,167,0,107741
07-04-2018,134513,85,0,134598
08-04-2018,136119,141,0,136260
09-04-2018,84487,202,0,84689
10-04-2018,73747,217,0,73964
11-04-2018,75302,146,0,75448
12-04-2018,80094,169,0,80263
13-04-2018,110248,128,0,110376
14-04-2018,119624,134,0,119758
15-04-2018,112637,128,0,112765
16-04-2018,82243,131,0,82374
17-04-2018,77270,121,0,77391
18-04-2018,79542,115,0,79657
19-04-2018,86301,92,0,86393
20-04-2018,117608,129,0,117737
21-04-2018,145217,124,0,145341
22-04-2018,149624,260,0,149884
23-04-2018,90846,163,0,91009
24-04-2018,78512,116,0,78628
25-04-2018,79286,70,0,79356
26-04-2018,91908,361,0,92269
27-04-2018,117815,142,0,117957
28-04-2018,144859,203,0,145062
29-04-2018,151021,234,0,151255
30-04-2018,93384,79,0,93463
01-05-2018,81282,95,0,81377
02-05-2018,83930,113,0,84043
03-05-2018,93646,153,0,93799
04-05-2018,121281,176,0,121457
05-05-2018,143906,227,0,144133
06-05-2018,156218,296,0,156514
07-05-2018,94752,163,0,94915
08-05-2018,80865,117,0,80982
09-05-2018,82439,143,0,82582
10-05-2018,91764,136,0,91900
11-05-2018,118313,185,0,118498
12-05-2018,145578,192,0,145770
13-05-2018,156731,345,0,157076
14-05-2018,94043,200,0,94243
15-05-2018,82621,128,0,82749
16-05-2018,87923,139,0,88062
17-05-2018,97844,161,0,98005
18-05-2018,124565,243,0,124808
19-05-2018,140079,164,0,140243
20-05-2018,166849,456,0,167305
21-05-2018,250279,1834,0,252113
22-05-2018,111932,332,0,112264
23-05-2018,97021,190,0,97211
24-05-2018,109887,233,0,110120
25-05-2018,169436,432,0,169868
26-05-2018,187973,357,0,188330
27-05-2018,169083,403,0,169486
28-05-2018,101655,291,0,101946
29-05-2018,91042,215,0,91257
30-05-2018,91156,192,0,91348
31-05-2018,101491,217,0,101708
01-06-2018,127868,305,0,128173
02-06-2018,153212,573,0,153785
03-06-2018,173377,957,0,174334
04-06-2018,102563,303,0,102866
05-06-2018,88672,271,0,88943
06-06-2018,92335,361,0,92696
07-06-2018,104700,331,0,105031
08-06-2018,136984,572,0,137556
09-06-2018,159572,1086,0,160658
10-06-2018,178298,2087,0,180385
11-06-2018,115096,877,0,115973
12-06-2018,98461,537,0,98998
13-06-2018,102592,511,0,103103
14-06-2018,113494,503,0,113997
15-06-2018,145914,867,0,146781
16-06-2018,168234,1159,0,169393
17-06-2018,183806,3004,0,186810
18-06-2018,119786,592,0,120378
19-06-2018,101526,397,0,101923
20-06-2018,108400,453,0,108853
21-06-2018,118592,651,0,119243
22-06-2018,151493,715,0,152208
23-06-2018,167024,750,0,167774
24-06-2018,181030,1012,0,182042
25-06-2018,160568,1533,0,162101
26-06-2018,119502,541,0,120043
27-06-2018,120425,512,0,120937
28-06-2018,134193,491,0,134684
29-06-2018,174790,610,0,175400
30-06-2018,200187,871,0,201058
01-07-2018,187966,1224,0,189190
02-07-2018,234784,1896,0,236680
03-07-2018,153601,688,0,154289
04-07-2018,142055,587,0,142642
05-07-2018,169285,755,0,170040
06-07-2018,181277,756,0,182033
07-07-2018,159554,770,0,160324
08-07-2018,206605,1377,0,207982
09-07-2018,128411,613,0,129024
10-07-2018,119379,485,0,119864
11-07-2018,122531,599,0,123130
12-07-2018,139401,618,0,140019
13-07-2018,174171,810,0,174981
14-07-2018,197305,952,0,198257
15-07-2018,212267,1385,0,213652
16-07-2018,140101,744,0,140845
17-07-2018,122983,565,0,123548
18-07-2018,128563,658,0,129221
19-07-2018,143888,709,0,144597
20-07-2018,187613,811,0,188424
21-07-2018,209642,1112,0,210754
22-07-2018,217139,1256,0,218395
23-07-2018,152155,806,0,152961
24-07-2018,127234,639,0,127873
25-07-2018,137049,571,0,137620
26-07-2018,157274,610,0,157884
27-07-2018,199068,831,0,199899
28-07-2018,220367,997,0,221364
29-07-2018,229706,1274,0,230980
30-07-2018,157542,928,0,158470
31-07-2018,137707,824,0,138531
01-08-2018,146112,628,0,146740
02-08-2018,168885,890,0,169775
03-08-2018,211497,1085,0,212582
04-08-2018,226623,1127,0,227750
05-08-2018,230380,1281,0,231661
06-08-2018,254606,1597,0,256203
07-08-2018,157810,733,0,158543
08-08-2018,150625,586,0,151211
09-08-2018,170238,918,0,171156
10-08-2018,206518,1197,0,207715
11-08-2018,226555,1692,0,228247
12-08-2018,228600,1438,0,230038
13-08-2018,156844,688,0,157532
14-08-2018,134101,539,0,134640
15-08-2018,138466,514,0,138980
16-08-2018,135895,553,0,136448
17-08-2018,191868,834,0,192702
18-08-2018,210549,762,0,211311
19-08-2018,227733,1372,0,229105
20-08-2018,149287,603,0,149890
21-08-2018,128045,464,0,128509
22-08-2018,133146,389,0,133535
23-08-2018,148509,509,0,149018
24-08-2018,177410,662,0,178072
25-08-2018,197734,1597,0,199331
26-08-2018,190626,999,0,191625
27-08-2018,139035,472,0,139507
28-08-2018,119661,349,0,120010
29-08-2018,125894,360,0,126254
30-08-2018,142604,430,0,143034
31-08-2018,198728,599,0,199327
01-09-2018,224594,925,0,225519
02-09-2018,212726,1252,0,213978
03-09-2018,238997,2352,0,241349
04-09-2018,108822,556,0,109378
05-09-2018,87444,365,0,87809
06-09-2018,94479,380,0,94859
07-09-2018,122153,646,0,122799
08-09-2018,151549,776,0,152325
09-09-2018,159620,1191,0,160811
10-09-2018,94299,340,0,94639
11-09-2018,79665,214,0,79879
12-09-2018,82095,272,0,82367
13-09-2018,93109,278,0,93387
14-09-2018,121525,402,0,121927
15-09-2018,146751,987,0,147738
16-09-2018,159642,1208,0,160850
17-09-2018,94663,378,0,95041
18-09-2018,80665,160,0,80825
19-09-2018,80001,206,0,80207
20-09-2018,93488,157,0,93645
21-09-2018,121832,229,0,122061
22-09-2018,147876,260,0,148136
23-09-2018,155798,686,0,156484
24-09-2018,95807,316,0,96123
25-09-2018,74544,122,0,74666
26-09-2018,78115,109,0,78224
27-09-2018,88551,182,0,88733
28-09-2018,118023,246,0,118269
29-09-2018,140987,365,0,141352
30-09-2018,148259,1017,0,149276
01-10-2018,87815,162,0,87977
02-10-2018,73099,174,0,73273
03-10-2018,79333,140,0,79473
04-10-2018,93713,134,0,93847
05-10-2018,136934,222,0,137156
06-10-2018,159092,215,0,159307
07-10-2018,153865,334,0,154199
08-10-2018,210002,686,0,210688
09-10-2018,90042,166,0,90208
10-10-2018,78404,145,0,78549
11-10-2018,90075,153,0,90228
12-10-2018,115976,212,0,116188
13-10-2018,136906,169,0,137075
14-10-2018,144406,266,0,144672
15-10-2018,85112,127,0,85239
16-10-2018,72753,116,0,72869
17-10-2018,73198,106,0,73304
18-10-2018,84516,155,0,84671
19-10-2018,119383,175,0,119558
20-10-2018,138104,162,0,138266
21-10-2018,146677,230,0,146907
22-10-2018,90665,85,0,90750
23-10-2018,78417,95,0,78512
24-10-2018,68775,73,0,68848
25-10-2018,79501,83,0,79584
26-10-2018,107054,95,0,107149
27-10-2018,123735,60,0,123795
28-10-2018,130602,274,0,130876
29-10-2018,76288,57,0,76345
30-10-2018,71925,61,0,71986
31-10-2018,55803,70,0,55873
01-11-2018,70706,76,0,70782
02-11-2018,96879,106,0,96985
03-11-2018,124556,68,0,124624
04-11-2018,136372,81,0,136453
05-11-2018,76047,109,0,76156
06-11-2018,62549,78,0,62627
07-11-2018,62295,64,0,62359
08-11-2018,73328,82,0,73410
09-11-2018,102137,67,0,102204
10-11-2018,128123,77,0,128200
11-11-2018,133256,54,0,133310
12-11-2018,105796,159,0,105955
13-11-2018,66110,61,0,66171
14-11-2018,64342,59,0,64401
15-11-2018,67864,60,0,67924
16-11-2018,86720,50,0,86770
17-11-2018,125314,53,0,125367
18-11-2018,126874,51,0,126925
19-11-2018,76254,37,0,76291
20-11-2018,73719,57,0,73776
21-11-2018,96005,61,0,96066
22-11-2018,97149,74,0,97223
23-11-2018,120993,62,0,121055
24-11-2018,136068,50,0,136118
25-11-2018,155691,43,0,155734
26-11-2018,75606,52,0,75658
27-11-2018,58431,40,0,58471
28-11-2018,61220,19,0,61239
29-11-2018,70138,31,0,70169
30-11-2018,92568,51,0,92619
01-12-2018,116993,54,0,117047
02-12-2018,118368,52,0,118420
03-12-2018,73558,68,0,73626
04-12-2018,67868,70,0,67938
05-12-2018,68412,76,0,68488
06-12-2018,69013,64,0,69077
07-12-2018,92531,85,0,92616
08-12-2018,117371,50,0,117421
09-12-2018,113764,53,0,113817
10-12-2018,72444,32,0,72476
11-12-2018,63225,39,0,63264
12-12-2018,63802,32,0,63834
13-12-2018,72037,55,0,72092
14-12-2018,94188,61,0,94249
15-12-2018,121385,58,0,121443
16-12-2018,113768,41,0,113809
17-12-2018,77805,32,0,77837
18-12-2018,68985,39,0,69024
19-12-2018,77091,49,0,77140
20-12-2018,85423,48,0,85471
21-12-2018,113049,53,0,113102
22-12-2018,151091,47,0,151138
23-12-2018,127268,50,0,127318
24-12-2018,91089,26,0,91115
25-12-2018,70680,24,0,70704
26-12-2018,133182,29,0,133211
27-12-2018,131483,661,0,132144
28-12-2018,135167,51,0,135218
29-12-2018,154198,61,0,154259
30-12-2018,152276,49,0,152325
31-12-2018,111426,60,0,111486
01-01-2019,105514,57,0,105571
02-01-2019,105269,91,0,105360
03-01-2019,97049,130,0,97179
04-01-2019,120657,180,0,120837
05-01-2019,149085,161,0,149246
06-01-2019,119639,102,0,119741
07-01-2019,62454,51,0,62505
08-01-2019,55956,79,0,56035
09-01-2019,53225,78,0,53303
10-01-2019,60293,75,0,60368
11-01-2019,80692,101,0,80793
12-01-2019,103830,143,0,103973
13-01-2019,94539,73,0,94612
14-01-2019,55513,76,0,55589
15-01-2019,52779,101,0,52880
16-01-2019,53289,103,0,53392
17-01-2019,64060,81,0,64141
18-01-2019,97598,166,0,97764
19-01-2019,89459,163,0,89622
20-01-2019,77506,84,0,77590
21-01-2019,54556,80,0,54636
22-01-2019,49106,104,0,49210
23-01-2019,45757,126,0,45883
24-01-2019,55332,72,0,55404
25-01-2019,77892,130,0,78022
26-01-2019,102907,183,0,103090
27-01-2019,95606,115,0,95721
28-01-2019,51962,122,0,52084
29-01-2019,45361,61,0,45422
30-01-2019,42431,114,0,42545
31-01-2019,55817,106,0,55923
01-02-2019,84650,136,0,84786
02-02-2019,106663,196,0,106859
03-02-2019,88743,152,0,88895
04-02-2019,53193,104,0,53297
05-02-2019,52399,95,0,52494
06-02-2019,46581,107,0,46688
07-02-2019,57802,128,0,57930
08-02-2019,76559,84,0,76643
09-02-2019,98759,123,0,98882
10-02-2019,97518,96,0,97614
11-02-2019,56366,129,0,56495
12-02-2019,38930,89,0,39019
13-02-2019,43217,62,0,43279
14-02-2019,68970,98,0,69068
15-02-2019,102625,157,0,102782
16-02-2019,134268,270,0,134538
17-02-2019,130294,177,0,130471
18-02-2019,139141,146,0,139287
19-02-2019,71115,249,0,71364
20-02-2019,65940,171,0,66111
21-02-2019,70364,94,0,70458
22-02-2019,94169,210,0,94379
23-02-2019,117442,208,0,117650
24-02-2019,93153,95,0,93248
25-02-2019,56458,83,0,56541
26-02-2019,59021,69,0,59090
27-02-2019,54618,106,0,54724
28-02-2019,67411,162,0,67573
01-03-2019,96535,168,0,96703
02-03-2019,121926,176,0,122102
03-03-2019,117795,135,0,117930
04-03-2019,68670,95,0,68765
05-03-2019,64110,121,0,64231
06-03-2019,67213,139,0,67352
07-03-2019,75862,129,0,75991
08-03-2019,106034,117,0,106151
09-03-2019,135601,199,0,135800
10-03-2019,115569,105,0,115674
11-03-2019,79441,114,0,79555
12-03-2019,79893,117,0,80010
13-03-2019,83370,157,0,83527
14-03-2019,94294,167,0,94461
15-03-2019,129996,160,0,130156
16-03-2019,160934,177,0,161111
17-03-2019,162054,206,0,162260
18-03-2019,83967,175,0,84142
19-03-2019,74236,194,0,74430
20-03-2019,82248,169,0,82417
21-03-2019,83227,252,0,83479
22-03-2019,105663,214,0,105877
23-03-2019,138208,245,0,138453
24-03-2019,136543,260,0,136803
25-03-2019,83997,219,0,84216
26-03-2019,78922,183,0,79105
27-03-2019,86206,262,0,86468
28-03-2019,93745,182,0,93927
29-03-2019,121266,225,0,121491
30-03-2019,143526,467,0,143993
31-03-2019,142941,297,0,143238
01-04-2019,88754,280,0,89034
02-04-2019,81275,244,0,81519
03-04-2019,78612,220,0,78832
04-04-2019,85240,281,0,85521
05-04-2019,109001,214,0,109215
06-04-2019,135026,290,0,135316
07-04-2019,136810,305,0,137115
08-04-2019,79316,284,0,79600
09-04-2019,70477,233,0,70710
10-04-2019,74844,349,0,75193
11-04-2019,82888,326,0,83214
12-04-2019,118206,334,0,118540
13-04-2019,148489,344,0,148833
14-04-2019,136994,290,0,137284
15-04-2019,90222,270,0,90492
16-04-2019,83071,188,0,83259
17-04-2019,91731,305,0,92036
18-04-2019,110647,264,0,110911
19-04-2019,144398,386,0,144784
20-04-2019,150723,220,0,150943
21-04-2019,155528,404,0,155932
22-04-2019,166352,532,0,166884
23-04-2019,92321,271,0,92592
24-04-2019,86378,226,0,86604
25-04-2019,94897,443,0,95340
26-04-2019,115701,276,0,115977
27-04-2019,139366,339,0,139705
28-04-2019,147050,279,0,147329
29-04-2019,87174,302,0,87476
30-04-2019,74566,269,0,74835
01-05-2019,76961,191,0,77152
02-05-2019,84302,213,0,84515
03-05-2019,112187,237,0,112424
04-05-2019,138959,466,0,139425
05-05-2019,151850,840,0,152690
06-05-2019,86716,314,0,87030
07-05-2019,73583,180,0,73763
08-05-2019,75706,227,0,75933
09-05-2019,83785,241,0,84026
10-05-2019,110643,289,0,110932
11-05-2019,136728,480,0,137208
12-05-2019,144860,603,0,145463
13-05-2019,82845,255,0,83100
14-05-2019,72792,290,0,73082
15-05-2019,79126,278,0,79404
16-05-2019,90425,319,0,90744
17-05-2019,121570,396,0,121966
18-05-2019,143614,826,0,144440
19-05-2019,168031,681,0,168712
20-05-2019,240116,1652,0,241768
21-05-2019,100496,620,0,101116
22-05-2019,87639,402,0,88041
23-05-2019,105503,499,0,106002
24-05-2019,165498,488,0,165986
25-05-2019,182707,786,0,183493
26-05-2019,162196,800,0,162996
27-05-2019,98172,430,0,98602
28-05-2019,84304,418,0,84722
29-05-2019,82928,476,0,83404
30-05-2019,93893,514,0,94407
31-05-2019,120227,983,0,121210
01-06-2019,142211,1173,0,143384
02-06-2019,158652,1000,0,159652
03-06-2019,97626,522,0,98148
04-06-2019,88799,653,0,89452
05-06-2019,92392,519,0,92911
06-06-2019,106689,692,0,107381
07-06-2019,138807,846,0,139653
08-06-2019,156632,1674,0,158306
09-06-2019,174793,2877,0,177670
10-06-2019,108057,976,0,109033
11-06-2019,91211,521,0,91732
12-06-2019,94185,738,0,94923
13-06-2019,104908,686,0,105594
14-06-2019,138985,828,0,139813
15-06-2019,164176,1203,0,165379
16-06-2019,177308,2716,0,180024
17-06-2019,110126,889,0,111015
18-06-2019,97441,668,0,98109
19-06-2019,100862,698,0,101560
20-06-2019,114018,537,0,114555
21-06-2019,149814,954,0,150768
22-06-2019,171317,1577,0,172894
23-06-2019,181916,2301,0,184217
24-06-2019,152639,2027,0,154666
25-06-2019,111497,667,0,112164
26-06-2019,113662,657,0,114319
27-06-2019,131023,727,0,131750
28-06-2019,166265,1043,0,167308
29-06-2019,188768,1163,0,189931
30-06-2019,197017,1249,0,198266
01-07-2019,237627,2523,0,240150
02-07-2019,148627,915,0,149542
03-07-2019,167836,879,0,168715
04-07-2019,194408,937,0,195345
05-07-2019,201435,1277,0,202712
06-07-2019,189332,1298,0,190630
07-07-2019,201756,2212,0,203968
08-07-2019,136336,1016,0,137352
09-07-2019,119751,874,0,120625
10-07-2019,125522,1056,0,126578
11-07-2019,136238,994,0,137232
12-07-2019,175844,1070,0,176914
13-07-2019,200401,2228,0,202629
14-07-2019,214903,1967,0,216870
15-07-2019,148536,1147,0,149683
16-07-2019,125068,917,0,125985
17-07-2019,132363,748,0,133111
18-07-2019,149784,1115,0,150899
19-07-2019,186387,1224,0,187611
20-07-2019,209519,1879,0,211398
21-07-2019,225663,2314,0,227977
22-07-2019,152031,1139,0,153170
23-07-2019,131158,1043,0,132201
24-07-2019,138076,1060,0,139136
25-07-2019,156894,1304,0,158198
26-07-2019,200386,1580,0,201966
27-07-2019,218980,2318,0,221298
28-07-2019,217907,1691,0,219598
29-07-2019,155656,1305,0,156961
30-07-2019,134033,1051,0,135084
31-07-2019,144316,1085,0,145401
01-08-2019,171925,1638,0,173563
02-08-2019,212491,1710,0,214201
03-08-2019,224814,2243,0,227057
04-08-2019,226534,2057,0,228591
05-08-2019,255523,2385,0,257908
06-08-2019,159953,1401,0,161354
07-08-2019,150354,1238,0,151592
08-08-2019,168149,1323,0,169472
09-08-2019,208805,1512,0,210317
10-08-2019,229052,1620,0,230672
11-08-2019,225048,2205,0,227253
12-08-2019,155109,1170,0,156279
13-08-2019,134791,1014,0,135805
14-08-2019,141311,1065,0,142376
15-08-2019,165021,1273,0,166294
16-08-2019,195963,1193,0,197156
17-08-2019,209026,1290,0,210316
18-08-2019,224240,1961,0,226201
19-08-2019,150486,972,0,151458
20-08-2019,130849,931,0,131780
21-08-2019,132732,699,0,133431
22-08-2019,151450,1116,0,152566
23-08-2019,183582,1106,0,184688
24-08-2019,202446,1755,0,204201
25-08-2019,229362,2392,0,231754
26-08-2019,152440,1015,0,153455
27-08-2019,127305,737,0,128042
28-08-2019,135227,676,0,135903
29-08-2019,148661,815,0,149476
30-08-2019,208133,1063,0,209196
31-08-2019,232640,1691,0,234331
01-09-2019,225044,2308,0,227352
02-09-2019,243717,2566,0,246283
03-09-2019,109573,699,0,110272
04-09-2019,89998,551,0,90549
05-09-2019,95699,705,0,96404
06-09-2019,121559,883,0,122442
07-09-2019,143871,1134,0,145005
08-09-2019,157945,1319,0,159264
09-09-2019,94023,513,0,94536
10-09-2019,81602,408,0,82010
11-09-2019,83240,426,0,83666
12-09-2019,94580,496,0,95076
13-09-2019,121417,756,0,122173
14-09-2019,145908,599,0,146507
15-09-2019,153203,1466,0,154669
16-09-2019,91691,516,0,92207
17-09-2019,79404,494,0,79898
18-09-2019,79901,450,0,80351
19-09-2019,92013,585,0,92598
20-09-2019,124137,709,0,124846
21-09-2019,151180,1659,0,152839
22-09-2019,163809,2482,0,166291
23-09-2019,95527,427,0,95954
24-09-2019,76505,286,0,76791
25-09-2019,78833,431,0,79264
26-09-2019,87274,259,0,87533
27-09-2019,122929,541,0,123470
28-09-2019,144787,370,0,145157
29-09-2019,162609,909,0,163518
30-09-2019,91600,316,0,91916
01-10-2019,74249,231,0,74480
02-10-2019,72418,195,0,72613
03-10-2019,82577,268,0,82845
04-10-2019,111060,305,0,111365
05-10-2019,143106,538,0,143644
06-10-2019,147292,413,0,147705
07-10-2019,85263,246,0,85509
08-10-2019,73516,215,0,73731
09-10-2019,81480,361,0,81841
10-10-2019,94484,336,0,94820
11-10-2019,143056,427,0,143483
12-10-2019,159928,588,0,160516
13-10-2019,154089,620,0,154709
14-10-2019,205519,879,0,206398
15-10-2019,88591,257,0,88848
16-10-2019,76542,185,0,76727
17-10-2019,83870,168,0,84038
18-10-2019,113736,231,0,113967
19-10-2019,137061,233,0,137294
20-10-2019,151188,411,0,151599
21-10-2019,82597,233,0,82830
22-10-2019,67025,149,0,67174
23-10-2019,71637,188,0,71825
24-10-2019,78492,133,0,78625
25-10-2019,108075,141,0,108216
26-10-2019,130292,205,0,130497
27-10-2019,140917,220,0,141137
28-10-2019,74423,219,0,74642
29-10-2019,67364,204,0,67568
30-10-2019,62173,109,0,62282
31-10-2019,60963,70,0,61033
01-11-2019,94615,96,0,94711
02-11-2019,124357,117,0,124474
03-11-2019,133679,127,0,133806
04-11-2019,75465,93,0,75558
05-11-2019,61886,89,0,61975
06-11-2019,62884,97,0,62981
07-11-2019,68870,122,0,68992
08-11-2019,101830,103,0,101933
09-11-2019,128331,114,0,128445
10-11-2019,134525,121,0,134646
11-11-2019,94272,106,0,94378
12-11-2019,57221,82,0,57303
13-11-2019,61086,60,0,61146
14-11-2019,65705,67,0,65772
15-11-2019,92037,91,0,92128
16-11-2019,119639,106,0,119745
17-11-2019,126068,94,0,126162
18-11-2019,68644,95,0,68739
19-11-2019,58447,122,0,58569
20-11-2019,62428,97,0,62525
21-11-2019,67313,92,0,67405
22-11-2019,95339,111,0,95450
23-11-2019,125937,90,0,126027
24-11-2019,130231,98,0,130329
25-11-2019,77032,59,0,77091
26-11-2019,78309,82,0,78391
27-11-2019,99533,113,0,99646
28-11-2019,97200,74,0,97274
29-11-2019,122880,115,0,122995
30-11-2019,143559,74,0,143633
01-12-2019,135409,77,0,135486
02-12-2019,75344,76,0,75420
03-12-2019,63852,111,0,63963
04-12-2019,61146,85,0,61231
05-12-2019,67750,121,0,67871
06-12-2019,88103,124,0,88227
07-12-2019,114004,92,0,114096
08-12-2019,120407,110,0,120517
09-12-2019,70630,104,0,70734
10-12-2019,62895,86,0,62981
11-12-2019,60793,77,0,60870
12-12-2019,69999,80,0,70079
13-12-2019,93719,96,0,93815
14-12-2019,110559,56,0,110615
15-12-2019,107819,66,0,107885
16-12-2019,77099,97,0,77196
17-12-2019,66937,100,0,67037
18-12-2019,71226,52,0,71278
19-12-2019,78718,49,0,78767
20-12-2019,106491,100,0,106591
21-12-2019,146221,104,0,146325
22-12-2019,131066,81,0,131147
23-12-2019,119921,66,0,119987
24-12-2019,91669,96,0,91765
25-12-2019,73779,52,0,73831
26-12-2019,132953,87,0,133040
27-12-2019,147771,81,0,147852
28-12-2019,159112,82,0,159194
29-12-2019,150761,59,0,150820
30-12-2019,134354,68,0,134422
31-12-2019,104937,86,0,105023
01-01-2020,105709,47,0,105756
02-01-2020,118740,98,0,118838
03-01-2020,128053,95,0,128148
04-01-2020,143800,94,0,143894
05-01-2020,125588,99,0,125687
06-01-2020,65807,79,0,65886
07-01-2020,58727,66,0,58793
08-01-2020,56536,98,0,56634
09-01-2020,63552,113,0,63665
10-01-2020,78287,176,0,78463
11-01-2020,91113,105,0,91218
12-01-2020,75490,57,0,75547
13-01-2020,52253,70,0,52323
14-01-2020,49540,93,0,49633
15-01-2020,47388,125,0,47513
16-01-2020,55216,102,0,55318
17-01-2020,97863,173,0,98036
18-01-2020,81805,130,0,81935
19-01-2020,90209,105,0,90314
20-01-2020,60661,83,0,60744
21-01-2020,52702,70,0,52772
22-01-2020,55110,104,0,55214
23-01-2020,62300,176,0,62476
24-01-2020,84566,173,0,84739
25-01-2020,102753,130,0,102883
26-01-2020,96476,80,0,96556
27-01-2020,58525,184,0,58709
28-01-2020,52902,215,0,53117
29-01-2020,56275,275,0,56550
30-01-2020,67089,294,0,67383
31-01-2020,89531,261,0,89792
01-02-2020,111371,254,0,111625
02-02-2020,92542,134,0,92676
03-02-2020,60104,118,0,60222
04-02-2020,51054,88,0,51142
05-02-2020,55724,82,0,55806
06-02-2020,54855,119,0,54974
07-02-2020,67786,124,0,67910
08-02-2020,102853,126,0,102979
09-02-2020,101331,84,0,101415
10-02-2020,57457,120,0,57577
11-02-2020,56544,102,0,56646
12-02-2020,59202,173,0,59375
13-02-2020,65234,147,0,65381
14-02-2020,115738,137,0,115875
15-02-2020,142096,457,0,142553
16-02-2020,140888,212,0,141100
17-02-2020,155424,268,0,155692
18-02-2020,72735,84,0,72819
19-02-2020,68873,151,0,69024
20-02-2020,75623,140,0,75763
21-02-2020,100185,237,0,100422
22-02-2020,119939,183,0,120122
23-02-2020,123772,115,0,123887
24-02-2020,64309,92,0,64401
25-02-2020,58098,133,0,58231
26-02-2020,57004,129,0,57133
27-02-2020,57515,116,0,57631
28-02-2020,87345,184,0,87529
29-02-2020,115034,224,0,115258
01-03-2020,115190,148,0,115338
02-03-2020,70062,145,0,70207
03-03-2020,63688,135,0,63823
04-03-2020,67871,123,0,67994
05-03-2020,79049,137,0,79186
06-03-2020,102772,217,0,102989
07-03-2020,126127,185,0,126312
08-03-2020,120551,129,0,120680
09-03-2020,69946,167,0,70113
10-03-2020,56108,110,0,56218
11-03-2020,59903,100,0,60003
12-03-2020,63975,189,0,64164
13-03-2020,69316,185,0,69501
14-03-2020,65498,168,0,65666
15-03-2020,59310,214,0,59524
16-03-2020,54742,343,0,55085
17-03-2020,51946,250,0,52196
18-03-2020,56647,314,0,56961
19-03-2020,55332,457,0,55789
20-03-2020,58304,271,0,58575
21-03-2020,43672,286,0,43958
22-03-2020,36973,216,0,37189
23-03-2020,25898,399,0,26297
24-03-2020,19268,204,0,19472
25-03-2020,15652,199,0,15851
26-03-2020,12976,214,0,13190
27-03-2020,11998,199,0,12197
28-03-2020,8347,75,0,8422
29-03-2020,6679,84,0,6763
30-03-2020,7738,115,0,7853
31-03-2020,7918,80,0,7998
01-04-2020,7455,80,0,7535
02-04-2020,7405,72,0,7477
03-04-2020,7163,83,0,7246
04-04-2020,4908,84,0,4992
05-04-2020,4132,46,0,4178
06-04-2020,5935,195,0,6130
07-04-2020,5842,96,0,5938
08-04-2020,5827,79,0,5906
09-04-2020,5906,216,0,6122
10-04-2020,4608,44,0,4652
11-04-2020,3889,28,0,3917
12-04-2020,2801,36,0,2837
13-04-2020,4601,76,0,4677
14-04-2020,5686,87,0,5773
15-04-2020,5599,82,0,5681
16-04-2020,5921,119,0,6040
17-04-2020,5855,161,0,6016
18-04-2020,4039,44,0,4083
19-04-2020,3142,30,0,3172
20-04-2020,5449,37,0,5486
21-04-2020,5471,74,0,5545
22-04-2020,5727,55,0,5782
23-04-2020,5646,59,0,5705
24-04-2020,5892,88,0,5980
25-04-2020,4102,18,0,4120
26-04-2020,3132,26,0,3158
27-04-2020,5617,44,0,5661
28-04-2020,6102,72,0,6174
29-04-2020,5897,129,0,6026
30-04-2020,6458,105,0,6563
01-05-2020,6772,81,0,6853
02-05-2020,4183,50,0,4233
03-05-2020,3629,41,0,3670
04-05-2020,6219,69,0,6288
05-05-2020,6422,93,0,6515
06-05-2020,6455,76,0,6531
07-05-2020,6486,93,0,6579
08-05-2020,6811,89,0,6900
09-05-2020,4625,27,0,4652
10-05-2020,4025,24,0,4049
11-05-2020,6292,71,0,6363
12-05-2020,6809,83,0,6892
13-05-2020,6821,72,0,6893
14-05-2020,7309,162,0,7471
15-05-2020,7264,141,0,7405
16-05-2020,4547,53,0,4600
17-05-2020,3970,40,0,4010
18-05-2020,5922,52,0,5974
19-05-2020,7705,63,0,7768
20-05-2020,7867,100,0,7967
21-05-2020,7742,92,0,7834
22-05-2020,8019,119,0,8138
23-05-2020,5488,52,0,5540
24-05-2020,4238,23,0,4261
25-05-2020,5305,37,0,5342
26-05-2020,7779,111,0,7890
27-05-2020,7846,219,0,8065
28-05-2020,8183,106,0,8289
29-05-2020,8381,75,0,8456
30-05-2020,5412,24,0,5436
31-05-2020,4596,28,0,4624
01-06-2020,8483,128,0,8611
02-06-2020,8326,107,0,8433
03-06-2020,8173,93,0,8266
04-06-2020,8687,95,0,8782
05-06-2020,8516,87,0,8603
06-06-2020,5579,45,0,5624
07-06-2020,4845,18,0,4863
08-06-2020,8089,84,0,8173
09-06-2020,8841,157,0,8998
10-06-2020,8222,26,0,8248
11-06-2020,8629,23,0,8652
12-06-2020,9315,10,0,9325
13-06-2020,5984,10,0,5994
14-06-2020,5026,9,0,5035
15-06-2020,8481,11,0,8492
16-06-2020,8771,22,0,8793
17-06-2020,8975,17,0,8992
18-06-2020,9274,21,0,9295
19-06-2020,9322,21,0,9343
20-06-2020,6554,7,0,6561
21-06-2020,5706,11,0,5717
22-06-2020,9075,17,0,9092
23-06-2020,9484,10,0,9494
24-06-2020,9452,7,0,9459
25-06-2020,9955,20,0,9975
26-06-2020,10166,15,0,10181
27-06-2020,6650,12,0,6662
28-06-2020,5915,8,0,5923
29-06-2020,9575,16,0,9591
30-06-2020,10125,20,0,10145
01-07-2020,9029,11,0,9040
02-07-2020,10379,17,0,10396
03-07-2020,8883,18,0,8901
04-07-2020,5793,10,0,5803
05-07-2020,5643,9,0,5652
06-07-2020,9185,11,0,9196
07-07-2020,9403,16,0,9419
08-07-2020,9229,18,0,9247
09-07-2020,9730,27,0,9757
10-07-2020,9710,19,0,9729
11-07-2020,6293,6,0,6299
12-07-2020,5515,4,0,5519
13-07-2020,9358,7,0,9365
14-07-2020,9274,25,0,9299
15-07-2020,9623,33,0,9656
16-07-2020,9779,16,0,9795
17-07-2020,9828,21,0,9849
18-07-2020,6611,12,0,6623
19-07-2020,5327,4,0,5331
20-07-2020,9227,6,0,9233
21-07-2020,9493,7,0,9500
22-07-2020,9298,27,0,9325
23-07-2020,9673,16,0,9689
24-07-2020,9675,20,0,9695
25-07-2020,6199,16,0,6215
26-07-2020,5509,9,0,5518
27-07-2020,9089,12,0,9101
28-07-2020,9577,17,0,9594
29-07-2020,9378,23,0,9401
30-07-2020,10090,7,0,10097
31-07-2020,8695,17,0,8712
01-08-2020,7071,14,0,7085
02-08-2020,5686,6,0,5692
03-08-2020,8180,11,0,8191
04-08-2020,9711,12,0,9723
05-08-2020,9686,17,0,9703
06-08-2020,10205,17,0,10222
07-08-2020,10415,18,0,10433
08-08-2020,7001,9,0,7010
09-08-2020,6085,12,0,6097
10-08-2020,9682,12,0,9694
11-08-2020,9899,19,0,9918
12-08-2020,9790,18,0,9808
13-08-2020,10683,21,0,10704
14-08-2020,10831,20,0,10851
15-08-2020,7277,13,0,7290
16-08-2020,6628,21,0,6649
17-08-2020,10079,4,0,10083
18-08-2020,10424,11,0,10435
19-08-2020,10056,17,0,10073
20-08-2020,10938,16,0,10954
21-08-2020,10934,20,0,10954
22-08-2020,7366,17,0,7383
23-08-2020,6251,13,0,6264
24-08-2020,10254,29,0,10283
25-08-2020,10041,23,0,10064
26-08-2020,10020,12,0,10032
27-08-2020,10367,11,0,10378
28-08-2020,10205,19,0,10224
29-08-2020,6690,19,0,6709
30-08-2020,6323,12,0,6335
31-08-2020,9794,19,0,9813
01-09-2020,10470,25,0,10495
02-09-2020,10108,16,0,10124
03-09-2020,10812,16,0,10828
04-09-2020,10981,9,0,10990
05-09-2020,7038,19,0,7057
06-09-2020,5709,14,0,5723
07-09-2020,5521,3,0,5524
08-09-2020,9666,13,0,9679
09-09-2020,9859,17,0,9876
10-09-2020,10281,4,0,10285
11-09-2020,10548,17,0,10565
12-09-2020,6879,7,0,6886
13-09-2020,5396,5,0,5401
14-09-2020,9677,8,0,9685
15-09-2020,9862,14,0,9876
16-09-2020,9818,16,0,9834
17-09-2020,10340,18,0,10358
18-09-2020,10475,16,0,10491
19-09-2020,6773,6,0,6779
20-09-2020,5516,8,0,5524
21-09-2020,9718,14,0,9732
22-09-2020,9792,10,0,9802
23-09-2020,9858,6,0,9864
24-09-2020,9932,11,0,9943
25-09-2020,10659,11,0,10670
26-09-2020,7105,8,0,7113
27-09-2020,5568,7,0,5575
28-09-2020,9600,19,0,9619
29-09-2020,9901,13,0,9914
30-09-2020,10322,12,0,10334
01-10-2020,11580,13,0,11593
02-10-2020,11461,16,0,11477
03-10-2020,6798,2,0,6800
04-10-2020,5329,7,0,5336
05-10-2020,9523,11,0,9534
06-10-2020,9908,17,0,9925
07-10-2020,9916,6,0,9922
08-10-2020,10668,14,0,10682
09-10-2020,10814,12,0,10826
10-10-2020,6738,4,0,6742
11-10-2020,5663,3,0,5666
12-10-2020,7723,5,0,7728
13-10-2020,10112,8,0,10120
14-10-2020,9700,12,0,9712
15-10-2020,10154,17,0,10171
16-10-2020,10639,15,0,10654
17-10-2020,6767,15,0,6782
18-10-2020,5497,11,0,5508
19-10-2020,9055,18,0,9073
20-10-2020,9752,18,0,9770
21-10-2020,9708,14,0,9722
22-10-2020,9706,9,0,9715
23-10-2020,10266,9,0,10275
24-10-2020,6402,9,0,6411
25-10-2020,5235,11,0,5246
26-10-2020,9090,21,0,9111
27-10-2020,9303,7,0,9310
28-10-2020,9583,25,0,9608
29-10-2020,10260,15,0,10275
30-10-2020,10621,10,0,10631
31-10-2020,6369,5,0,6374
01-11-2020,5697,5,0,5702
02-11-2020,9036,18,0,9054
03-11-2020,8956,21,0,8977
04-11-2020,9293,9,0,9302
05-11-2020,9889,13,0,9902
06-11-2020,9885,13,0,9898
07-11-2020,5925,12,0,5937
08-11-2020,4902,4,0,4906
09-11-2020,8687,23,0,8710
10-11-2020,9038,14,0,9052
11-11-2020,7912,13,0,7925
12-11-2020,9394,11,0,9405
13-11-2020,9426,22,0,9448
14-11-2020,5738,16,0,5754
15-11-2020,4473,7,0,4480
16-11-2020,8346,20,0,8366
17-11-2020,8680,35,0,8715
18-11-2020,8838,19,0,8857
19-11-2020,9250,14,0,9264
20-11-2020,8539,19,0,8558
21-11-2020,6403,3,0,6406
22-11-2020,4900,5,0,4905
23-11-2020,8069,11,0,8080
24-11-2020,8658,18,0,8676
25-11-2020,9255,22,0,9277
26-11-2020,6489,12,0,6501
27-11-2020,7868,12,0,7880
28-11-2020,5874,10,0,5884
29-11-2020,5498,3,0,5501
30-11-2020,8717,8,0,8725
01-12-2020,8795,21,0,8816
02-12-2020,8968,21,0,8989
03-12-2020,9161,18,0,9179
04-12-2020,10097,23,0,10120
05-12-2020,6766,13,0,6779
06-12-2020,5757,7,0,5764
07-12-2020,8899,10,0,8909
08-12-2020,9146,11,0,9157
09-12-2020,9426,9,0,9435
10-12-2020,10685,14,0,10699
11-12-2020,11116,15,0,11131
12-12-2020,6365,3,0,6368
13-12-2020,5230,9,0,5239
14-12-2020,9098,15,0,9113
15-12-2020,9567,16,0,9583
16-12-2020,9353,16,0,9369
17-12-2020,9550,6,0,9556
18-12-2020,10954,16,0,10970
19-12-2020,7516,9,0,7525
20-12-2020,6031,4,0,6035
21-12-2020,9576,14,0,9590
22-12-2020,10032,10,0,10042
23-12-2020,10447,11,0,10458
24-12-2020,8079,3,0,8082
25-12-2020,4117,0,0,4117
26-12-2020,4554,3,0,4557
27-12-2020,4919,6,0,4925
28-12-2020,7131,10,0,7141
29-12-2020,7846,15,0,7861
30-12-2020,7830,14,0,7844
31-12-2020,7327,9,0,7336
01-01-2021,3903,6,0,3909
02-01-2021,5010,2,0,5012
03-01-2021,5235,7,0,5242
04-01-2021,8573,15,0,8588
05-01-2021,8757,9,0,8766
06-01-2021,8399,11,0,8410
07-01-2021,8807,12,0,8819
08-01-2021,8822,18,0,8840
09-01-2021,5350,5,0,5355
10-01-2021,4831,2,0,4833
11-01-2021,8398,15,0,8413
12-01-2021,8448,12,0,8460
13-01-2021,8529,15,0,8544
14-01-2021,8305,10,0,8315
15-01-2021,8663,9,0,8672
16-01-2021,4535,2,0,4537
17-01-2021,4285,3,0,4288
18-01-2021,7409,6,0,7415
19-01-2021,8063,9,0,8072
20-01-2021,8317,14,0,8331
21-01-2021,8787,14,0,8801
22-01-2021,9133,16,0,9149
23-01-2021,5310,8,0,5318
24-01-2021,4139,6,0,4145
25-01-2021,8326,13,0,8339
26-01-2021,7924,13,0,7937
27-01-2021,8562,11,0,8573
28-01-2021,8807,13,0,8820
29-01-2021,9073,11,0,9084
30-01-2021,5474,11,0,5485
31-01-2021,4826,6,0,4832
01-02-2021,8508,15,0,8523
02-02-2021,7410,15,0,7425
03-02-2021,8573,13,0,8586
04-02-2021,9347,10,0,9357
05-02-2021,8883,13,0,8896
06-02-2021,5165,15,0,5180
07-02-2021,4332,14,0,4346
08-02-2021,8256,16,0,8272
09-02-2021,7856,5,0,7861
10-02-2021,8476,3,0,8479
11-02-2021,8894,7,0,8901
12-02-2021,9504,16,0,9520
13-02-2021,5602,10,0,5612
14-02-2021,5338,6,0,5344
15-02-2021,6128,6,0,6134
16-02-2021,5982,15,0,5997
17-02-2021,8722,10,0,8732
18-02-2021,8797,11,0,8808
19-02-2021,9001,8,0,9009
20-02-2021,5597,6,0,5603
21-02-2021,5094,4,0,5098
22-02-2021,8019,29,0,8048
23-02-2021,8477,16,0,8493
24-02-2021,8893,16,0,8909
25-02-2021,9227,9,0,9236
26-02-2021,9481,10,0,9491
27-02-2021,5520,7,0,5527
28-02-2021,4945,3,0,4948
01-03-2021,9045,13,0,9058
02-03-2021,9211,10,0,9221
03-03-2021,9543,11,0,9554
04-03-2021,9683,14,0,9697
05-03-2021,9957,8,0,9965
06-03-2021,5911,3,0,5914
07-03-2021,4940,7,0,4947
08-03-2021,9059,8,0,9067
09-03-2021,9102,15,0,9117
10-03-2021,9981,17,0,9998
11-03-2021,9956,12,0,9968
12-03-2021,10342,5,0,10347
13-03-2021,6276,5,0,6281
14-03-2021,5027,3,0,5030
15-03-2021,9074,6,0,9080
16-03-2021,9571,12,0,9583
17-03-2021,9942,15,0,9957
18-03-2021,10497,23,0,10520
19-03-2021,10755,5,0,10760
20-03-2021,6426,2,0,6428
21-03-2021,5346,2,0,5348
22-03-2021,9315,8,0,9323
23-03-2021,9735,13,0,9748
24-03-2021,10444,7,0,10451
25-03-2021,11777,22,0,11799
26-03-2021,10672,10,0,10682
27-03-2021,7035,6,0,7041
28-03-2021,5285,4,0,5289
29-03-2021,9415,15,0,9430
30-03-2021,9990,20,0,10010
31-03-2021,11367,19,0,11386
01-04-2021,12453,13,0,12466
02-04-2021,9215,8,0,9223
03-04-2021,6755,12,0,6767
04-04-2021,5063,10,0,5073
05-04-2021,10237,15,0,10252
06-04-2021,11309,19,0,11328
07-04-2021,11243,16,0,11259
08-04-2021,10927,14,0,10941
09-04-2021,10831,15,0,10846
10-04-2021,7145,15,0,7160
11-04-2021,5988,13,0,6001
12-04-2021,9966,16,0,9982
13-04-2021,10160,12,0,10172
14-04-2021,10817,14,0,10831
15-04-2021,11565,13,0,11578
16-04-2021,11655,5,0,11660
17-04-2021,7588,12,0,7600
18-04-2021,6646,11,0,6657
19-04-2021,9973,6,0,9979
20-04-2021,10462,16,0,10478
21-04-2021,10841,15,0,10856
22-04-2021,11085,16,0,11101
23-04-2021,11660,12,0,11672
24-04-2021,7391,7,0,7398
25-04-2021,6410,2,0,6412
26-04-2021,10210,18,0,10228
27-04-2021,10343,23,0,10366
28-04-2021,11445,22,0,11467
29-04-2021,12467,17,0,12484
30-04-2021,12695,9,0,12704
01-05-2021,8901,6,0,8907
02-05-2021,7888,10,0,7898
03-05-2021,11166,10,0,11176
04-05-2021,10876,13,0,10889
05-05-2021,11942,9,0,11951
06-05-2021,12221,9,0,12230
07-05-2021,12653,16,0,12669
08-05-2021,8703,9,0,8712
09-05-2021,7396,10,0,7406
10-05-2021,10874,18,0,10892
11-05-2021,10902,17,0,10919
12-05-2021,11418,33,0,11451
13-05-2021,12460,27,0,12487
14-05-2021,13310,25,0,13335
15-05-2021,8397,18,0,8415
16-05-2021,7342,9,0,7351
17-05-2021,10826,24,0,10850
18-05-2021,11185,28,0,11213
19-05-2021,13213,19,0,13232
20-05-2021,12620,18,0,12638
21-05-2021,12677,14,0,12691
22-05-2021,8187,12,0,8199
23-05-2021,7441,6,0,7447
24-05-2021,9994,11,0,10005
25-05-2021,11710,18,0,11728
26-05-2021,12100,11,0,12111
27-05-2021,12527,19,0,12546
28-05-2021,13329,12,0,13341
29-05-2021,9178,9,0,9187
30-05-2021,8012,6,0,8018
31-05-2021,8344,7,0,8351
01-06-2021,11957,16,0,11973
02-06-2021,12021,9,0,12030
03-06-2021,12915,9,0,12924
04-06-2021,13774,17,0,13791
05-06-2021,9313,11,0,9324
06-06-2021,8222,5,0,8227
07-06-2021,12129,12,0,12141
08-06-2021,11684,11,0,11695
09-06-2021,12260,20,0,12280
10-06-2021,12621,16,0,12637
11-06-2021,13126,12,0,13138
12-06-2021,8784,18,0,8802
13-06-2021,8184,9,0,8193
14-06-2021,11852,26,0,11878
15-06-2021,12181,16,0,12197
16-06-2021,12458,26,0,12484
17-06-2021,13173,16,0,13189
18-06-2021,13449,15,0,13464
19-06-2021,9231,13,0,9244
20-06-2021,7968,10,0,7978
21-06-2021,11824,19,0,11843
22-06-2021,12059,24,0,12083
23-06-2021,12381,34,0,12415
24-06-2021,12869,21,0,12890
25-06-2021,12922,16,0,12938
26-06-2021,8691,9,0,8700
27-06-2021,8250,12,0,8262
28-06-2021,11634,14,0,11648
29-06-2021,11612,27,0,11639
30-06-2021,12299,16,0,12315
01-07-2021,11558,18,0,11576
02-07-2021,11405,13,0,11418
03-07-2021,7800,8,0,7808
04-07-2021,6495,7,0,6502
05-07-2021,11604,10,0,11614
06-07-2021,17393,18,0,17411
07-07-2021,14997,30,0,15027
08-07-2021,15654,15,0,15669
09-07-2021,16367,24,0,16391
10-07-2021,10949,8,0,10957
11-07-2021,9689,8,0,9697
12-07-2021,12987,16,0,13003
13-07-2021,12813,9,0,12822
14-07-2021,13028,11,0,13039
15-07-2021,14165,25,0,14190
16-07-2021,15458,16,0,15474
17-07-2021,10754,14,0,10768
18-07-2021,9055,8,0,9063
19-07-2021,12931,13,0,12944
20-07-2021,12625,23,0,12648
21-07-2021,14178,22,0,14200
22-07-2021,15280,21,0,15301
23-07-2021,16064,22,0,16086
24-07-2021,8625,26,0,8651
25-07-2021,10376,20,0,10396
26-07-2021,13696,19,0,13715
27-07-2021,12798,23,0,12821
28-07-2021,13706,16,0,13722
29-07-2021,15073,15,0,15088
30-07-2021,15684,20,0,15704
31-07-2021,11370,17,0,11387
01-08-2021,10500,8,0,10508
02-08-2021,13380,23,0,13403
03-08-2021,13646,23,0,13669
04-08-2021,14392,19,0,14411
05-08-2021,15655,7,0,15662
06-08-2021,14155,50,0,14205
07-08-2021,10613,7,0,10620
08-08-2021,10155,12,0,10167
09-08-2021,38516,38,0,38554
10-08-2021,23781,30,0,23811
11-08-2021,26069,29,0,26098
12-08-2021,29810,48,0,29858
13-08-2021,34131,30,0,34161
14-08-2021,27384,37,0,27421
15-08-2021,21220,16,0,21236
16-08-2021,21782,31,0,21813
17-08-2021,20442,23,0,20465
18-08-2021,23746,34,0,23780
19-08-2021,27807,16,0,27823
20-08-2021,33387,38,0,33425
21-08-2021,27185,39,0,27224
22-08-2021,20425,31,0,20456
23-08-2021,21257,23,0,21280
24-08-2021,20539,29,0,20568
25-08-2021,22614,33,0,22647
26-08-2021,26025,24,0,26049
27-08-2021,30890,23,0,30913
28-08-2021,24574,36,0,24610
29-08-2021,17697,24,0,17721
30-08-2021,18957,34,0,18991
31-08-2021,18950,37,0,18987
01-09-2021,22379,33,0,22412
02-09-2021,29655,29,0,29684
03-09-2021,44523,49,0,44572
04-09-2021,34068,37,0,34105
05-09-2021,18801,27,0,18828
06-09-2021,14297,39,0,14336
07-09-2021,17199,24,0,17223
08-09-2021,16938,38,0,16976
09-09-2021,21869,14,0,21883
10-09-2021,26560,22,0,26582
11-09-2021,20109,21,0,20130
12-09-2021,13813,10,0,13823
13-09-2021,16428,26,0,16454
14-09-2021,16081,26,0,16107
15-09-2021,18040,26,0,18066
16-09-2021,21162,25,0,21187
17-09-2021,27066,30,0,27096
18-09-2021,18824,21,0,18845
19-09-2021,16747,22,0,16769
20-09-2021,17323,35,0,17358
21-09-2021,15069,22,0,15091
22-09-2021,16518,26,0,16544
23-09-2021,20541,25,0,20566
24-09-2021,26978,28,0,27006
25-09-2021,18519,7,0,18526
26-09-2021,14950,16,0,14966
27-09-2021,15970,21,0,15991
28-09-2021,15253,30,0,15283
29-09-2021,17057,20,0,17077
30-09-2021,21346,18,0,21364
01-10-2021,26706,28,0,26734
02-10-2021,18034,18,0,18052
03-10-2021,13618,16,0,13634
04-10-2021,16762,10,0,16772
05-10-2021,15579,17,0,15596
06-10-2021,18306,11,0,18317
07-10-2021,25239,12,0,25251
08-10-2021,39229,33,0,39262
09-10-2021,27553,23,0,27576
10-10-2021,15016,10,0,15026
11-10-2021,14433,14,0,14447
12-10-2021,15715,14,0,15729
13-10-2021,16982,12,0,16994
14-10-2021,20620,21,0,20641
15-10-2021,26621,23,0,26644
16-10-2021,18347,10,0,18357
17-10-2021,13027,11,0,13038
18-10-2021,15260,9,0,15269
19-10-2021,15021,20,0,15041
20-10-2021,17077,8,0,17085
21-10-2021,20140,10,0,20150
22-10-2021,25721,16,0,25737
23-10-2021,17091,10,0,17101
24-10-2021,11877,6,0,11883
25-10-2021,14464,11,0,14475
26-10-2021,14591,12,0,14603
27-10-2021,16263,21,0,16284
28-10-2021,18490,5,0,18495
29-10-2021,23042,22,0,23064
30-10-2021,16003,6,0,16009
31-10-2021,11156,1,0,11157
01-11-2021,14419,13,0,14432
02-11-2021,13868,18,0,13886
03-11-2021,15279,12,0,15291
04-11-2021,17838,11,0,17849
05-11-2021,23865,18,0,23883
06-11-2021,16153,6,0,16159
07-11-2021,11546,6,0,11552
08-11-2021,14510,6,0,14516
09-11-2021,14747,14,0,14761
10-11-2021,17571,14,0,17585
11-11-2021,21917,6,0,21923
12-11-2021,25766,13,0,25779
13-11-2021,20709,5,0,20714
14-11-2021,26467,6,0,26473
15-11-2021,22075,5,0,22080
16-11-2021,18978,18,0,18996
17-11-2021,19448,14,0,19462
18-11-2021,22294,10,0,22304
19-11-2021,29902,23,0,29925
20-11-2021,27131,10,0,27141
21-11-2021,27664,13,0,27677
22-11-2021,24393,14,0,24407
23-11-2021,23564,11,0,23575
24-11-2021,35979,29,0,36008
25-11-2021,31419,13,0,31432
26-11-2021,25824,17,0,25841
27-11-2021,21645,8,0,21653
28-11-2021,32979,33,0,33012
29-11-2021,26244,18,0,26262
30-11-2021,28805,13,0,28818
01-12-2021,31280,31,0,31311
02-12-2021,33977,23,0,34000
03-12-2021,41510,17,0,41527
04-12-2021,43651,17,0,43668
05-12-2021,49596,21,0,49617
06-12-2021,32119,14,0,32133
07-12-2021,28850,20,0,28870
08-12-2021,24997,22,0,25019
09-12-2021,27755,12,0,27767
10-12-2021,33797,24,0,33821
11-12-2021,33798,8,0,33806
12-12-2021,38901,20,0,38921
13-12-2021,27802,16,0,27818
14-12-2021,24234,30,0,24264
15-12-2021,27861,23,0,27884
16-12-2021,29763,20,0,29783
17-12-2021,39748,14,0,39762
18-12-2021,44092,20,0,44112
19-12-2021,49564,15,0,49579
20-12-2021,46755,25,0,46780
21-12-2021,23586,25,0,23611
22-12-2021,29174,14,0,29188
23-12-2021,39317,12,0,39329
24-12-2021,31672,15,0,31687
25-12-2021,17809,8,0,17817
26-12-2021,23307,4,0,23311
27-12-2021,20902,12,0,20914
28-12-2021,24645,23,0,24668
29-12-2021,27121,17,0,27138
30-12-2021,26668,11,0,26679
31-12-2021,21723,7,0,21730
01-01-2022,16608,3,9,16620
02-01-2022,22005,1,8,22014
03-01-2022,20904,1,7,20912
04-01-2022,18536,4,3,18543
05-01-2022,18348,3,13,18364
06-01-2022,16816,1,5,16822
07-01-2022,17329,5,17,17351
08-01-2022,16400,1,1,16402
09-01-2022,16303,3,3,16309
10-01-2022,16145,3,2,16150
11-01-2022,13821,10,9,13840
12-01-2022,14127,1,7,14135
13-01-2022,16481,1,12,16494
14-01-2022,19758,5,18,19781
15-01-2022,16444,1,10,16455
16-01-2022,16814,3,10,16827
17-01-2022,10123,2,2,10127
18-01-2022,13146,2,7,13155
19-01-2022,12952,5,1,12958
20-01-2022,15071,2,5,15078
21-01-2022,17219,4,6,17229
22-01-2022,14305,9,1,14315
23-01-2022,14725,2,10,14737
24-01-2022,14331,0,4,14335
25-01-2022,13240,0,3,13243
26-01-2022,14113,1,6,14120
27-01-2022,16238,1,8,16247
28-01-2022,19315,7,15,19337
29-01-2022,15294,1,2,15297
30-01-2022,17798,0,5,17803
31-01-2022,16583,4,5,16592
01-02-2022,14784,0,14,14798
02-02-2022,12956,2,12,12970
03-02-2022,12989,3,5,12997
04-02-2022,16938,1,9,16948
05-02-2022,15435,2,5,15442
06-02-2022,17152,4,8,17164
07-02-2022,16485,4,13,16502
08-02-2022,14431,0,8,14439
09-02-2022,16092,3,9,16104
10-02-2022,18717,5,6,18728
11-02-2022,21986,3,3,21992
12-02-2022,17638,8,2,17648
13-02-2022,17251,3,8,17262
14-02-2022,17387,3,4,17394
15-02-2022,15774,3,18,15795
16-02-2022,17079,2,15,17096
17-02-2022,19646,1,11,19658
18-02-2022,28651,4,4,28659
19-02-2022,28754,2,9,28765
20-02-2022,25381,5,11,25397
21-02-2022,29763,8,8,29779
22-02-2022,19410,4,14,19428
23-02-2022,19952,3,15,19970
24-02-2022,21477,3,15,21495
25-02-2022,21473,0,7,21480
26-02-2022,22232,3,6,22241
27-02-2022,22234,0,7,22241
28-02-2022,26106,9,20,26135
01-03-2022,21323,4,21,21348
02-03-2022,22821,6,11,22838
03-03-2022,24950,5,20,24975
04-03-2022,32527,4,24,32555
05-03-2022,32648,7,10,32665
06-03-2022,35395,9,21,35425
07-03-2022,25461,3,7,25471
08-03-2022,21775,6,5,21786
09-03-2022,22342,1,15,22358
10-03-2022,25915,7,20,25942
11-03-2022,33616,3,11,33630
12-03-2022,29313,8,2,29323
13-03-2022,36965,9,21,36995
14-03-2022,30090,7,12,30109
15-03-2022,26064,2,12,26078
16-03-2022,29361,7,6,29374
17-03-2022,33057,8,17,33082
18-03-2022,45964,9,16,45989
19-03-2022,49951,3,2,49956
20-03-2022,62235,9,22,62266
21-03-2022,35332,10,8,35350
22-03-2022,27232,5,5,27242
23-03-2022,27407,10,10,27427
24-03-2022,28526,6,9,28541
25-03-2022,36824,11,4,36839
26-03-2022,34363,3,8,34374
27-03-2022,37574,2,20,37596
28-03-2022,27974,3,16,27993
29-03-2022,22461,5,10,22476
30-03-2022,21215,7,13,21235
31-03-2022,22210,6,5,22221
01-04-2022,77469,8,34,77511
02-04-2022,79035,16,20,79071
03-04-2022,76794,15,10,76819
04-04-2022,47583,7,24,47614
05-04-2022,40124,13,15,40152
06-04-2022,38952,13,30,38995
07-04-2022,41493,15,7,41515
08-04-2022,57477,8,13,57498
09-04-2022,71638,21,18,71677
10-04-2022,72148,31,17,72196
11-04-2022,47446,22,18,47486
12-04-2022,40670,12,22,40704
13-04-2022,42606,9,26,42641
14-04-2022,56276,16,13,56305
15-04-2022,75616,48,47,75711
16-04-2022,74578,14,28,74620
17-04-2022,84329,22,39,84390
18-04-2022,94361,32,35,94428
19-04-2022,48721,8,18,48747
20-04-2022,44761,6,19,44786
21-04-2022,45023,7,21,45051
22-04-2022,58556,21,28,58605
23-04-2022,67434,34,23,67491
24-04-2022,75440,44,44,75528
25-04-2022,46284,18,20,46322
26-04-2022,37109,11,21,37141
27-04-2022,38279,10,12,38301
28-04-2022,44680,14,21,44715
29-04-2022,60696,21,28,60745
30-04-2022,74664,49,13,74726
01-05-2022,80613,111,46,80770
02-05-2022,50179,24,20,50223
03-05-2022,40588,43,20,40651
04-05-2022,40601,22,11,40634
05-05-2022,45039,26,31,45096
06-05-2022,60393,40,25,60458
07-05-2022,73058,109,43,73210
08-05-2022,84032,133,56,84221
09-05-2022,49054,47,69,49170
10-05-2022,39352,59,33,39444
11-05-2022,41675,77,12,41764
12-05-2022,46832,69,35,46936
13-05-2022,61833,95,38,61966
14-05-2022,72093,250,88,72431
15-05-2022,82670,90,43,82803
16-05-2022,50036,42,36,50114
17-05-2022,42021,27,29,42077
18-05-2022,43797,22,28,43847
19-05-2022,49003,27,23,49053
20-05-2022,67343,107,37,67487
21-05-2022,74810,207,92,75109
22-05-2022,93628,153,65,93846
23-05-2022,142940,392,109,143441
24-05-2022,63608,81,40,63729
25-05-2022,48788,84,30,48902
26-05-2022,62261,56,15,62332
27-05-2022,96770,68,33,96871
28-05-2022,103727,106,40,103873
29-05-2022,95864,305,54,96223
30-05-2022,59960,108,31,60099
31-05-2022,48242,75,30,48347
01-06-2022,46141,69,25,46235
02-06-2022,52977,104,23,53104
03-06-2022,69515,93,41,69649
04-06-2022,79196,260,51,79507
05-06-2022,97413,330,99,97842
06-06-2022,57380,158,54,57592
07-06-2022,49774,117,42,49933
08-06-2022,50070,97,50,50217
09-06-2022,56420,144,38,56602
10-06-2022,75595,143,69,75807
11-06-2022,88606,435,88,89129
12-06-2022,104916,795,126,105837
13-06-2022,62209,244,31,62484
14-06-2022,51726,198,78,52002
15-06-2022,55822,241,77,56140
16-06-2022,67648,233,30,67911
17-06-2022,92099,242,41,92382
18-06-2022,97647,413,67,98127
19-06-2022,106660,1226,99,107985
20-06-2022,68206,293,54,68553
21-06-2022,55025,182,58,55265
22-06-2022,57810,193,45,58048
23-06-2022,67544,199,51,67794
24-06-2022,88136,349,74,88559
25-06-2022,95966,667,98,96731
26-06-2022,119596,765,114,120475
27-06-2022,79153,223,70,79446
28-06-2022,64208,205,51,64464
29-06-2022,70950,224,63,71237
30-06-2022,91451,253,118,91822
01-07-2022,127001,390,137,127528
02-07-2022,131676,595,127,132398
03-07-2022,138508,715,86,139309
04-07-2022,90032,215,53,90300
05-07-2022,87449,180,42,87671
06-07-2022,75608,197,43,75848
07-07-2022,81786,315,62,82163
08-07-2022,100006,307,88,100401
09-07-2022,109066,525,258,109849
10-07-2022,129116,649,152,129917
11-07-2022,89395,289,85,89769
12-07-2022,66900,204,49,67153
13-07-2022,71220,246,61,71527
14-07-2022,81620,258,67,81945
15-07-2022,102292,346,71,102709
16-07-2022,111592,559,133,112284
17-07-2022,124146,538,94,124778
18-07-2022,85210,268,91,85569
19-07-2022,68284,203,58,68545
20-07-2022,75208,222,92,75522
21-07-2022,86079,247,64,86390
22-07-2022,107100,316,71,107487
23-07-2022,119955,425,146,120526
24-07-2022,127731,421,103,128255
25-07-2022,88556,213,57,88826
26-07-2022,74568,353,45,74966
27-07-2022,81470,371,83,81924
28-07-2022,96866,301,72,97239
29-07-2022,120281,364,92,120737
30-07-2022,120673,495,72,121240
31-07-2022,127985,605,141,128731
01-08-2022,135427,466,128,136021
02-08-2022,87139,253,33,87425
03-08-2022,84312,448,93,84853
04-08-2022,98709,363,71,99143
05-08-2022,120946,382,81,121409
06-08-2022,132250,438,162,132850
07-08-2022,135505,381,71,135957
08-08-2022,95487,260,63,95810
09-08-2022,76289,306,29,76624
10-08-2022,84129,329,82,84540
11-08-2022,96791,339,72,97202
12-08-2022,125486,436,76,125998
13-08-2022,126841,556,107,127504
14-08-2022,136202,561,79,136842
15-08-2022,93881,378,81,94340
16-08-2022,77124,315,81,77520
17-08-2022,80205,182,47,80434
18-08-2022,92760,187,52,92999
19-08-2022,115284,294,68,115646
20-08-2022,126855,616,152,127623
21-08-2022,137687,391,74,138152
22-08-2022,92297,217,39,92553
23-08-2022,74603,123,40,74766
24-08-2022,79107,177,43,79327
25-08-2022,89020,229,51,89300
26-08-2022,106234,190,40,106464
27-08-2022,111999,550,119,112668
28-08-2022,127947,617,109,128673
29-08-2022,81642,211,57,81910
30-08-2022,66978,147,50,67175
31-08-2022,71440,138,50,71628
01-09-2022,87465,181,45,87691
02-09-2022,122848,253,72,123173
03-09-2022,136388,557,150,137095
04-09-2022,132125,475,67,132667
05-09-2022,153653,616,71,154340
06-09-2022,66950,198,27,67175
07-09-2022,52013,200,38,52251
08-09-2022,58730,207,38,58975
09-09-2022,74269,309,71,74649
10-09-2022,86543,687,108,87338
11-09-2022,102091,701,142,102934
12-09-2022,58474,195,48,58717
13-09-2022,50189,130,47,50366
14-09-2022,50373,98,48,50519
15-09-2022,58571,86,35,58692
16-09-2022,76548,159,35,76742
17-09-2022,89018,337,165,89520
18-09-2022,97076,266,39,97381
19-09-2022,62793,107,39,62939
20-09-2022,50107,86,16,50209
21-09-2022,47970,74,27,48071
22-09-2022,55824,68,24,55916
23-09-2022,77187,82,18,77287
24-09-2022,87941,336,70,88347
25-09-2022,95734,305,33,96072
26-09-2022,59469,88,32,59589
27-09-2022,46469,71,27,46567
28-09-2022,47540,92,35,47667
29-09-2022,53313,80,31,53424
30-09-2022,76410,171,72,76653
01-10-2022,109953,492,103,110548
02-10-2022,121046,285,44,121375
03-10-2022,68056,98,20,68174
04-10-2022,56093,107,25,56225
05-10-2022,55968,212,72,56252
06-10-2022,71264,290,51,71605
07-10-2022,111618,71,27,111716
08-10-2022,120679,149,32,120860
09-10-2022,113106,97,17,113220
10-10-2022,150878,186,72,151136
11-10-2022,64516,99,33,64648
12-10-2022,56940,191,31,57162
13-10-2022,62743,70,11,62824
14-10-2022,86371,58,31,86460
15-10-2022,102933,338,67,103338
16-10-2022,109070,211,45,109326
17-10-2022,61488,36,23,61547
18-10-2022,47514,32,9,47555
19-10-2022,51649,44,29,51722
20-10-2022,58736,28,6,58770
21-10-2022,82919,54,29,83002
22-10-2022,100997,378,59,101434
23-10-2022,106723,521,67,107311
24-10-2022,57262,30,22,57314
25-10-2022,48243,144,34,48421
26-10-2022,48526,43,25,48594
27-10-2022,55347,18,8,55373
28-10-2022,74908,27,18,74953
29-10-2022,88500,101,24,88625
30-10-2022,97314,116,62,97492
31-10-2022,54918,19,14,54951
01-11-2022,44256,22,18,44296
02-11-2022,46953,33,11,46997
03-11-2022,52582,40,26,52648
04-11-2022,74909,147,36,75092
05-11-2022,98025,556,64,98645
06-11-2022,99723,58,11,99792
07-11-2022,44569,38,18,44625
08-11-2022,46006,10,13,46029
09-11-2022,47305,9,19,47333
10-11-2022,61741,37,18,61796
11-11-2022,90286,40,29,90355
12-11-2022,101666,12,11,101689
13-11-2022,113217,17,14,113248
14-11-2022,61769,5,12,61786
15-11-2022,46862,2,18,46882
16-11-2022,41088,7,16,41111
17-11-2022,49140,5,7,49152
18-11-2022,63713,7,22,63742
19-11-2022,77346,6,11,77363
20-11-2022,87538,1,9,87548
21-11-2022,55658,2,7,55667
22-11-2022,54499,4,11,54514
23-11-2022,79944,2,16,79962
24-11-2022,78580,3,17,78600
25-11-2022,85962,6,7,85975
26-11-2022,98210,12,14,98236
27-11-2022,117176,12,62,117250
28-11-2022,63844,8,22,63874
29-11-2022,44029,4,20,44053
30-11-2022,38833,2,11,38846
01-12-2022,46796,10,12,46818
02-12-2022,65790,8,20,65818
03-12-2022,77161,9,11,77181
04-12-2022,84691,3,10,84704
05-12-2022,49985,0,19,50004
06-12-2022,41852,2,7,41861
07-12-2022,42846,4,11,42861
08-12-2022,48709,3,14,48726
09-12-2022,67555,8,17,67580
10-12-2022,81730,16,10,81756
11-12-2022,86086,10,10,86106
12-12-2022,53856,0,14,53870
13-12-2022,46233,9,10,46252
14-12-2022,46606,3,13,46622
15-12-2022,48481,7,14,48502
16-12-2022,66968,18,5,66991
17-12-2022,82855,13,10,82878
18-12-2022,82875,10,14,82899
19-12-2022,57670,5,12,57687
20-12-2022,52930,7,17,52954
21-12-2022,67616,3,17,67636
22-12-2022,86638,18,33,86689
23-12-2022,48043,3,12,48058
24-12-2022,47343,2,15,47360
25-12-2022,54082,0,9,54091
26-12-2022,93607,12,15,93634
27-12-2022,95175,13,23,95211
28-12-2022,93028,10,10,93048
29-12-2022,106369,4,24,106397
30-12-2022,120763,8,26,120797
31-12-2022,89350,9,9,89368
01-01-2023,88707,4,7,88718
02-01-2023,105648,4,18,105670
03-01-2023,69493,7,11,69511
04-01-2023,64051,4,19,64074
05-01-2023,67749,5,12,67766
06-01-2023,87324,10,16,87350
07-01-2023,107992,4,18,108014
08-01-2023,101011,6,17,101034
09-01-2023,52500,1,11,52512
10-01-2023,42999,6,19,43024
11-01-2023,42288,7,4,42299
12-01-2023,53229,1,21,53251
13-01-2023,69817,7,21,69845
14-01-2023,92557,13,14,92584
15-01-2023,87809,11,26,87846
16-01-2023,48946,1,9,48956
17-01-2023,38288,3,12,38303
18-01-2023,39737,4,21,39762
19-01-2023,44744,2,24,44770
20-01-2023,60424,12,20,60456
21-01-2023,82885,17,11,82913
22-01-2023,78289,23,29,78341
23-01-2023,43400,6,19,43425
24-01-2023,42011,7,18,42036
25-01-2023,34225,3,10,34238
26-01-2023,41277,13,11,41301
27-01-2023,63563,12,31,63606
28-01-2023,79591,34,20,79645
29-01-2023,72312,24,10,72346
30-01-2023,44554,2,24,44580
31-01-2023,38019,12,9,38040
01-02-2023,42299,9,25,42333
02-02-2023,47949,16,19,47984
03-02-2023,59874,6,17,59897
04-02-2023,74497,18,15,74530
05-02-2023,80855,10,30,80895
06-02-2023,45628,12,27,45667
07-02-2023,41792,16,19,41827
08-02-2023,44473,7,36,44516
09-02-2023,47362,11,43,47416
10-02-2023,67195,22,42,67259
11-02-2023,89651,50,39,89740
12-02-2023,78180,5,31,78216
13-02-2023,48840,21,20,48881
14-02-2023,45202,14,22,45238
15-02-2023,45296,15,26,45337
16-02-2023,54580,8,42,54630
17-02-2023,87525,17,38,87580
18-02-2023,124004,25,46,124075
19-02-2023,121998,29,29,122056
20-02-2023,128482,27,15,128524
21-02-2023,65453,10,40,65503
22-02-2023,50757,12,49,50818
23-02-2023,49662,8,27,49697
24-02-2023,76350,12,40,76402
25-02-2023,90356,10,62,90428
26-02-2023,89838,20,34,89892
27-02-2023,49388,13,34,49435
28-02-2023,44360,2,13,44375
01-03-2023,52848,12,23,52883
02-03-2023,59734,14,34,59782
03-03-2023,74819,33,48,74900
04-03-2023,85831,33,19,85883
05-03-2023,102061,30,60,102151
06-03-2023,59121,9,38,59168
07-03-2023,49814,6,35,49855
08-03-2023,52080,12,27,52119
09-03-2023,61496,19,50,61565
10-03-2023,74126,22,55,74203
11-03-2023,100334,10,39,100383
12-03-2023,100172,6,20,100198
13-03-2023,66348,16,17,66381
14-03-2023,59289,6,29,59324
15-03-2023,73293,15,25,73333
16-03-2023,84944,16,23,84983
17-03-2023,105588,35,52,105675
18-03-2023,135307,59,14,135380
19-03-2023,145137,24,36,145197
20-03-2023,71819,4,21,71844
21-03-2023,58696,8,17,58721
22-03-2023,58291,15,24,58330
23-03-2023,63708,3,14,63725
24-03-2023,91850,8,27,91885
25-03-2023,105170,23,26,105219
26-03-2023,108207,26,15,108248
27-03-2023,67821,12,17,67850
28-03-2023,59043,9,27,59079
29-03-2023,60639,12,25,60676
30-03-2023,68349,6,27,68382
31-03-2023,94210,12,23,94245
01-04-2023,115543,8,12,115563
02-04-2023,123409,14,16,123439
03-04-2023,74038,7,20,74065
04-04-2023,66311,15,18,66344
05-04-2023,60251,6,17,60274
06-04-2023,84460,11,18,84489
07-04-2023,113389,21,24,113434
08-04-2023,123629,18,26,123673
09-04-2023,122382,31,25,122438
10-04-2023,130564,40,57,130661
11-04-2023,67081,34,22,67137
12-04-2023,63695,25,32,63752
13-04-2023,70880,61,33,70974
14-04-2023,92877,72,34,92983
15-04-2023,109667,200,33,109900
16-04-2023,108721,190,37,108948
17-04-2023,62769,15,15,62799
18-04-2023,54223,4,19,54246
19-04-2023,55882,10,13,55905
20-04-2023,65029,16,38,65083
21-04-2023,91846,54,27,91927
22-04-2023,110020,80,53,110153
23-04-2023,113807,18,8,113833
24-04-2023,62680,10,16,62706
25-04-2023,54201,12,22,54235
26-04-2023,56386,23,20,56429
27-04-2023,65259,31,35,65325
28-04-2023,88423,124,47,88594
29-04-2023,111054,138,35,111227
30-04-2023,116197,53,28,116278
01-05-2023,66098,28,28,66154
02-05-2023,54427,30,14,54471
03-05-2023,55756,45,15,55816
04-05-2023,63111,44,32,63187
05-05-2023,87732,52,43,87827
06-05-2023,110190,338,100,110628
07-05-2023,122290,275,87,122652
08-05-2023,69017,69,14,69100
09-05-2023,57264,58,34,57356
10-05-2023,59689,77,30,59796
11-05-2023,67557,141,41,67739
12-05-2023,91672,116,58,91846
13-05-2023,116209,371,73,116653
14-05-2023,127115,266,55,127436
15-05-2023,70941,80,42,71063
16-05-2023,57891,56,20,57967
17-05-2023,61313,59,25,61397
18-05-2023,72306,68,20,72394
19-05-2023,99350,208,66,99624
20-05-2023,117595,242,39,117876
21-05-2023,147870,352,106,148328
22-05-2023,210931,583,176,211690
23-05-2023,84126,160,61,84347
24-05-2023,71633,80,55,71768
25-05-2023,90470,106,60,90636
26-05-2023,145000,197,67,145264
27-05-2023,160368,575,125,161068
28-05-2023,152880,649,143,153672
29-05-2023,90326,163,52,90541
30-05-2023,70320,182,60,70562
31-05-2023,66782,237,70,67089
01-06-2023,76699,271,36,77006
02-06-2023,99708,237,64,100009
03-06-2023,121055,546,239,121840
04-06-2023,138887,796,83,139766
05-06-2023,80093,197,67,80357
06-06-2023,66420,121,35,66576
07-06-2023,70153,173,32,70358
08-06-2023,77774,162,21,77957
09-06-2023,101750,198,26,101974
10-06-2023,131930,383,49,132362
11-06-2023,147067,1421,184,148672
12-06-2023,86478,673,42,87193
13-06-2023,72621,238,41,72900
14-06-2023,79313,322,52,79687
15-06-2023,92834,468,47,93349
16-06-2023,128583,563,42,129188
17-06-2023,152272,665,174,153111
18-06-2023,158476,1675,94,160245
19-06-2023,97949,322,52,98323
20-06-2023,78382,241,74,78697
21-06-2023,85226,409,86,85721
22-06-2023,97959,403,67,98429
23-06-2023,127655,836,121,128612
24-06-2023,147339,293,45,147677
25-06-2023,166903,662,145,167710
26-06-2023,111359,341,85,111785
27-06-2023,92150,196,61,92407
28-06-2023,100162,230,56,100448
29-06-2023,116974,249,69,117292
30-06-2023,172397,758,193,173348
01-07-2023,202848,673,120,203641
02-07-2023,189880,591,71,190542
03-07-2023,184065,441,99,184605
04-07-2023,103404,265,63,103732
05-07-2023,128132,426,100,128658
06-07-2023,123628,393,62,124083
07-07-2023,147158,328,65,147551
08-07-2023,172772,788,245,173805
09-07-2023,183651,629,126,184406
10-07-2023,117178,306,35,117519
11-07-2023,96344,273,47,96664
12-07-2023,102504,405,113,103022
13-07-2023,114512,358,39,114909
14-07-2023,148936,488,113,149537
15-07-2023,169657,872,200,170729
16-07-2023,179665,502,62,180229
17-07-2023,120674,405,68,121147
18-07-2023,102171,338,30,102539
19-07-2023,109219,451,79,109749
20-07-2023,123151,493,90,123734
21-07-2023,153281,413,43,153737
22-07-2023,177253,487,65,177805
23-07-2023,201014,1095,184,202293
24-07-2023,141679,614,82,142375
25-07-2023,108178,428,81,108687
26-07-2023,113810,627,98,114535
27-07-2023,132315,394,38,132747
28-07-2023,164312,488,87,164887
29-07-2023,180846,514,103,181463
30-07-2023,189732,1013,195,190940
31-07-2023,128015,349,41,128405
01-08-2023,114000,513,165,114678
02-08-2023,123134,677,139,123950
03-08-2023,143457,508,37,144002
04-08-2023,179129,410,39,179578
05-08-2023,195857,818,298,196973
06-08-2023,204808,893,152,205853
07-08-2023,210785,511,81,211377
08-08-2023,129100,336,49,129485
09-08-2023,124007,433,74,124514
10-08-2023,139909,459,66,140434
11-08-2023,174879,650,56,175585
12-08-2023,190227,847,230,191304
13-08-2023,197943,675,86,198704
14-08-2023,133099,505,62,133666
15-08-2023,107545,390,56,107991
16-08-2023,116437,379,50,116866
17-08-2023,137228,460,102,137790
18-08-2023,163560,376,46,163982
19-08-2023,181051,441,56,181548
20-08-2023,199632,958,222,200812
21-08-2023,130574,341,160,131075
22-08-2023,107159,331,90,107580
23-08-2023,111359,430,88,111877
24-08-2023,123047,534,83,123664
25-08-2023,150653,259,49,150961
26-08-2023,165558,421,49,166028
27-08-2023,182432,827,237,183496
28-08-2023,116771,408,95,117274
29-08-2023,99954,227,69,100250
30-08-2023,102799,139,30,102968
31-08-2023,122895,304,79,123278
01-09-2023,172055,470,108,172633
02-09-2023,198206,916,220,199342
03-09-2023,191593,1140,208,192941
04-09-2023,206537,1349,125,208011
05-09-2023,90227,354,64,90645
06-09-2023,73699,404,42,74145
07-09-2023,79697,351,48,80096
08-09-2023,105450,271,44,105765
09-09-2023,129681,552,98,130331
10-09-2023,134784,460,56,135300
11-09-2023,81690,209,53,81952
12-09-2023,68097,145,121,68363
13-09-2023,70419,168,54,70641
14-09-2023,81188,173,30,81391
15-09-2023,105922,374,76,106372
16-09-2023,126466,429,114,127009
17-09-2023,138077,779,269,139125
18-09-2023,80730,158,37,80925
19-09-2023,64517,126,30,64673
20-09-2023,68016,201,62,68279
21-09-2023,81163,231,57,81451
22-09-2023,108591,367,58,109016
23-09-2023,132244,619,74,132937
24-09-2023,137428,716,84,138228
25-09-2023,80107,129,59,80295
26-09-2023,64772,148,40,64960
27-09-2023,66189,139,49,66377
28-09-2023,78519,149,40,78708
29-09-2023,103511,206,38,103755
30-09-2023,128407,826,111,129344
01-10-2023,143288,967,115,144370
02-10-2023,110209,231,55,110495
03-10-2023,72017,212,70,72299
04-10-2023,72597,393,40,73030
05-10-2023,85585,321,60,85966
06-10-2023,126941,223,56,127220
07-10-2023,142746,155,24,142925
08-10-2023,134263,106,17,134386
09-10-2023,179966,170,74,180210
10-10-2023,76672,48,34,76754
11-10-2023,68426,21,34,68481
12-10-2023,73741,53,13,73807
13-10-2023,100808,67,53,100928
14-10-2023,120473,158,59,120690
15-10-2023,124943,81,33,125057
16-10-2023,74805,31,24,74860
17-10-2023,58799,33,32,58864
18-10-2023,60846,35,35,60916
19-10-2023,72594,140,26,72760
20-10-2023,96673,102,41,96816
21-10-2023,115376,60,39,115475
22-10-2023,124496,19,47,124562
23-10-2023,73750,16,12,73778
24-10-2023,58845,21,21,58887
25-10-2023,58048,31,11,58090
26-10-2023,66008,56,23,66087
27-10-2023,94759,41,46,94846
28-10-2023,109868,124,22,110014
29-10-2023,115054,13,18,115085
30-10-2023,64215,15,8,64238
31-10-2023,47214,9,15,47238
01-11-2023,53714,1,19,53734
02-11-2023,61637,8,17,61662
03-11-2023,84776,15,20,84811
04-11-2023,108969,28,23,109020
05-11-2023,112887,14,17,112918
06-11-2023,61955,2,22,61979
07-11-2023,51622,13,11,51646
08-11-2023,51916,3,13,51932
09-11-2023,67831,7,13,67851
10-11-2023,104743,17,18,104778
11-11-2023,115056,11,46,115113
12-11-2023,122403,13,11,122427
13-11-2023,96350,3,14,96367
14-11-2023,66170,8,22,66200
15-11-2023,55821,4,16,55841
16-11-2023,61734,22,19,61775
17-11-2023,87772,19,19,87810
18-11-2023,122671,17,20,122708
19-11-2023,128147,12,9,128168
20-11-2023,73718,10,23,73751
21-11-2023,66194,9,29,66232
22-11-2023,79972,4,12,79988
23-11-2023,88326,2,20,88348
24-11-2023,104065,17,12,104094
25-11-2023,117553,3,10,117566
26-11-2023,137963,29,19,138011
27-11-2023,62866,1,24,62891
28-11-2023,51909,5,26,51940
29-11-2023,51855,3,11,51869
30-11-2023,60876,4,19,60899
01-12-2023,76880,12,11,76903
02-12-2023,99030,5,12,99047
03-12-2023,94632,2,8,94642
04-12-2023,55369,6,12,55387
05-12-2023,52139,1,17,52157
06-12-2023,52934,7,15,52956
07-12-2023,58101,4,10,58115
08-12-2023,78656,7,18,78681
09-12-2023,101875,3,13,101891
10-12-2023,96013,1,11,96025
11-12-2023,57829,2,10,57841
12-12-2023,54313,8,12,54333
13-12-2023,56986,3,18,57007
14-12-2023,63425,8,15,63448
15-12-2023,85896,13,34,85943
16-12-2023,113703,9,18,113730
17-12-2023,108568,13,11,108592
18-12-2023,69851,5,7,69863
19-12-2023,69306,3,3,69312
20-12-2023,71063,12,9,71084
21-12-2023,87970,19,17,88006
22-12-2023,114850,25,23,114898
23-12-2023,127576,16,9,127601
24-12-2023,80083,9,20,80112
25-12-2023,66068,4,5,66077
26-12-2023,130381,6,11,130398
27-12-2023,124585,12,173,124770
28-12-2023,125926,25,15,125966
29-12-2023,141613,18,26,141657
30-12-2023,150097,14,11,150122
31-12-2023,107641,3,183,107827
01-01-2024,106841,9,7,106857
02-01-2024,96611,13,17,96641
03-01-2024,82008,3,17,82028
04-01-2024,86925,0,10,86935
05-01-2024,109523,11,25,109559
06-01-2024,131858,6,6,131870
07-01-2024,106791,8,10,106809
08-01-2024,56859,4,8,56871
09-01-2024,44254,9,14,44277
10-01-2024,44213,5,13,44231
11-01-2024,56542,4,7,56553
12-01-2024,76453,6,17,76476
13-01-2024,74088,6,9,74103
14-01-2024,74852,5,16,74873
15-01-2024,58547,8,13,58568
16-01-2024,41256,2,11,41269
17-01-2024,33846,2,8,33856
18-01-2024,44930,7,25,44962
19-01-2024,61306,7,21,61334
20-01-2024,84157,22,27,84206
21-01-2024,89111,4,21,89136
22-01-2024,53212,8,15,53235
23-01-2024,40588,8,15,40611
24-01-2024,44565,2,15,44582
25-01-2024,54039,8,23,54070
26-01-2024,70569,14,28,70611
27-01-2024,98567,6,34,98607
28-01-2024,88615,4,22,88641
29-01-2024,50968,6,21,50995
30-01-2024,44709,6,33,44748
31-01-2024,49401,7,29,49437
01-02-2024,55947,8,23,55978
02-02-2024,76502,20,53,76575
03-02-2024,104089,20,49,104158
04-02-2024,99983,22,25,100030
05-02-2024,51527,1,29,51557
06-02-2024,48157,2,50,48209
07-02-2024,49124,2,31,49157
08-02-2024,55861,12,46,55919
09-02-2024,76713,7,24,76744
10-02-2024,102790,9,13,102812
11-02-2024,84699,1,9,84709
12-02-2024,53384,4,17,53405
13-02-2024,48701,13,21,48735
14-02-2024,53485,8,19,53512
15-02-2024,59745,5,12,59762
16-02-2024,102659,14,24,102697
17-02-2024,136195,12,21,136228
18-02-2024,131656,6,31,131693
19-02-2024,147409,23,33,147465
20-02-2024,67813,2,21,67836
21-02-2024,63605,8,36,63649
22-02-2024,67795,17,28,67840
23-02-2024,89642,22,53,89717
24-02-2024,112162,13,19,112194
25-02-2024,107897,13,12,107922
26-02-2024,57901,3,21,57925
27-02-2024,51360,13,24,51397
28-02-2024,53348,6,11,53365
29-02-2024,64769,8,15,64792
01-03-2024,88005,10,32,88047
02-03-2024,114640,17,31,114688
03-03-2024,108741,23,27,108791
04-03-2024,65316,8,15,65339
05-03-2024,58942,13,27,58982
06-03-2024,60729,3,19,60751
07-03-2024,70032,11,11,70054
08-03-2024,99955,5,24,99984
09-03-2024,128957,13,12,128982
10-03-2024,116717,14,14,116745
11-03-2024,78300,14,12,78326
12-03-2024,74659,3,25,74687
13-03-2024,81399,11,22,81432
14-03-2024,89263,22,14,89299
15-03-2024,120677,13,40,120730
16-03-2024,154587,49,28,154664
17-03-2024,143226,21,25,143272
18-03-2024,72957,17,12,72986
19-03-2024,63038,7,13,63058
20-03-2024,61469,5,17,61491
21-03-2024,70651,8,24,70683
22-03-2024,95816,8,27,95851
23-03-2024,116157,4,21,116182
24-03-2024,126869,13,28,126910
25-03-2024,80030,10,6,80046
26-03-2024,74472,7,18,74497
27-03-2024,81085,6,15,81106
28-03-2024,97721,14,14,97749
29-03-2024,137683,23,25,137731
30-03-2024,150884,24,20,150928
31-03-2024,144895,19,28,144942
01-04-2024,140759,46,32,140837
02-04-2024,82736,27,17,82780
03-04-2024,71969,18,36,72023
04-04-2024,71302,2,16,71320
05-04-2024,110758,15,11,110784
06-04-2024,146120,33,18,146171
07-04-2024,143095,28,31,143154
08-04-2024,78388,28,22,78438
09-04-2024,75147,36,45,75228
10-04-2024,73056,26,31,73113
11-04-2024,73713,21,15,73749
12-04-2024,100453,24,23,100500
13-04-2024,129384,68,41,129493
14-04-2024,129365,60,31,129456
15-04-2024,78692,29,30,78751
16-04-2024,65764,24,22,65810
17-04-2024,64151,15,17,64183
18-04-2024,75882,41,25,75948
19-04-2024,105104,36,38,105178
20-04-2024,136703,69,37,136809
21-04-2024,143799,55,30,143884
22-04-2024,75275,32,74,75381
23-04-2024,63121,69,21,63211
24-04-2024,63671,29,12,63712
25-04-2024,76274,38,39,76351
26-04-2024,101903,42,43,101988
27-04-2024,125655,179,61,125895
28-04-2024,131883,61,21,131965
29-04-2024,77315,30,32,77377
30-04-2024,64822,18,28,64868
01-05-2024,69503,44,16,69563
02-05-2024,75321,55,22,75398
03-05-2024,101505,103,44,101652
04-05-2024,129960,136,107,130203
05-05-2024,136716,92,29,136837
06-05-2024,76020,48,13,76081
07-05-2024,64236,107,40,64383
08-05-2024,65135,51,14,65200
09-05-2024,73965,61,32,74058
10-05-2024,100633,103,42,100778
11-05-2024,130055,254,79,130388
12-05-2024,140397,142,37,140576
13-05-2024,77154,73,35,77262
14-05-2024,66077,85,20,66182
15-05-2024,69601,58,23,69682
16-05-2024,80917,81,55,81053
17-05-2024,109070,141,76,109287
18-05-2024,132019,195,41,132255
19-05-2024,163595,588,149,164332
20-05-2024,224391,758,204,225353
21-05-2024,91136,136,56,91328
22-05-2024,77246,131,40,77417
23-05-2024,101794,90,65,101949
24-05-2024,155922,128,57,156107
25-05-2024,180368,359,163,180890
26-05-2024,161364,524,119,162007
27-05-2024,92364,111,13,92488
28-05-2024,73217,94,61,73372
29-05-2024,73146,118,48,73312
30-05-2024,82739,139,38,82916
31-05-2024,108002,266,73,108341
01-06-2024,134349,806,183,135338
02-06-2024,147219,1155,100,148474
03-06-2024,88643,229,60,88932
04-06-2024,73689,186,55,73930
05-06-2024,77902,235,46,78183
06-06-2024,92887,194,46,93127
07-06-2024,117313,198,57,117568
08-06-2024,136384,335,48,136767
09-06-2024,150087,467,65,150619
10-06-2024,93831,341,43,94215
11-06-2024,80073,265,46,80384
12-06-2024,79941,326,72,80339
13-06-2024,94076,415,94,94585
14-06-2024,124338,345,57,124740
15-06-2024,150120,970,203,151293
16-06-2024,167152,1530,167,168849
17-06-2024,101648,393,75,102116
18-06-2024,88672,309,59,89040
19-06-2024,99414,349,55,99818
20-06-2024,103705,420,52,104177
21-06-2024,134965,501,104,135570
22-06-2024,153697,455,82,154234
23-06-2024,165441,525,50,166016
24-06-2024,132336,568,52,132956
25-06-2024,97673,387,109,98169
26-06-2024,103109,270,86,103465
27-06-2024,119612,301,85,119998
28-06-2024,153259,580,82,153921
29-06-2024,172861,410,65,173336
30-06-2024,195301,485,104,195890
01-07-2024,216914,1248,253,218415
02-07-2024,132488,426,73,132987
03-07-2024,149548,387,85,150020
04-07-2024,171479,436,75,171990
05-07-2024,178037,528,88,178653
06-07-2024,178898,486,101,179485
07-07-2024,195731,883,215,196829
08-07-2024,128982,501,99,129582
09-07-2024,104184,340,67,104591
10-07-2024,105869,292,37,106198
11-07-2024,123849,317,44,124210
12-07-2024,158815,605,77,159497
13-07-2024,181735,823,235,182793
14-07-2024,195212,1188,162,196562
15-07-2024,125671,404,70,126145
16-07-2024,106175,312,66,106553
17-07-2024,113431,385,26,113842
18-07-2024,133350,431,65,133846
19-07-2024,160353,522,53,160928
20-07-2024,185848,603,82,186533
21-07-2024,202902,758,166,203826
22-07-2024,135381,467,117,135965
23-07-2024,112759,298,58,113115
24-07-2024,120834,347,57,121238
25-07-2024,136681,280,96,137057
26-07-2024,172564,594,148,173306
27-07-2024,198057,999,281,199337
28-07-2024,207393,969,177,208539
29-07-2024,138380,532,61,138973
30-07-2024,118387,439,120,118946
31-07-2024,124592,372,77,125041
01-08-2024,153149,435,79,153663
02-08-2024,182496,709,119,183324
03-08-2024,199129,622,140,199891
04-08-2024,203979,629,86,204694
05-08-2024,218705,494,44,219243
06-08-2024,135455,425,90,135970
07-08-2024,131629,595,105,132329
08-08-2024,148734,634,88,149456
09-08-2024,170586,381,55,171022
10-08-2024,198518,665,161,199344
11-08-2024,198760,776,152,199688
12-08-2024,132097,378,38,132513
13-08-2024,115103,471,83,115657
14-08-2024,121511,528,91,122130
15-08-2024,141514,424,108,142046
16-08-2024,172598,570,76,173244
17-08-2024,194131,608,137,194876
18-08-2024,199812,590,45,200447
19-08-2024,140255,263,39,140557
20-08-2024,115379,218,16,115613
21-08-2024,115444,182,38,115664
22-08-2024,131039,253,33,131325
23-08-2024,161393,460,100,161953
24-08-2024,187646,952,120,188718
25-08-2024,194213,703,95,195011
26-08-2024,131454,280,53,131787
27-08-2024,113301,305,49,113655
28-08-2024,111955,204,64,112223
29-08-2024,133871,348,58,134277
30-08-2024,181495,538,92,182125
31-08-2024,204716,407,36,205159
01-09-2024,212998,845,160,214003
02-09-2024,222131,1045,86,223262
03-09-2024,93886,279,36,94201
04-09-2024,77575,300,51,77926
05-09-2024,84640,378,43,85061
06-09-2024,97125,499,111,97735
07-09-2024,129589,536,98,130223
08-09-2024,143084,425,49,143558
09-09-2024,87464,234,42,87740
10-09-2024,70294,298,81,70673
11-09-2024,71200,303,58,71561
12-09-2024,84412,309,51,84772
13-09-2024,109797,509,63,110369
14-09-2024,142755,1003,127,143885
15-09-2024,151564,1151,103,152818
16-09-2024,86394,326,48,86768
17-09-2024,73783,300,77,74160
18-09-2024,73794,235,52,74081
19-09-2024,87755,270,28,88053
20-09-2024,112853,340,59,113252
21-09-2024,139376,655,144,140175
22-09-2024,148456,754,71,149281
23-09-2024,91266,168,50,91484
24-09-2024,77011,198,39,77248
25-09-2024,72960,124,25,73109
26-09-2024,81417,76,28,81521
27-09-2024,110699,211,45,110955
28-09-2024,135865,695,104,136664
29-09-2024,147503,827,135,148465
30-09-2024,118682,350,51,119083
01-10-2024,76143,140,52,76335
02-10-2024,69745,82,35,69862
03-10-2024,85862,152,39,86053
04-10-2024,107142,193,42,107377
05-10-2024,133581,370,114,134065
06-10-2024,142123,404,78,142605
07-10-2024,83221,91,29,83341
08-10-2024,66614,79,30,66723
09-10-2024,71025,91,25,71141
10-10-2024,91095,62,17,91174
11-10-2024,143816,120,52,143988
12-10-2024,159305,182,51,159538
13-10-2024,148065,112,71,148248
14-10-2024,188155,94,43,188292
15-10-2024,85874,28,21,85923
16-10-2024,73020,20,26,73066
17-10-2024,80308,44,36,80388
18-10-2024,107996,65,55,108116
19-10-2024,130941,346,56,131343
20-10-2024,147984,552,29,148565
21-10-2024,82326,169,35,82530
22-10-2024,67654,206,123,67983
23-10-2024,64640,256,41,64937
24-10-2024,74690,19,26,74735
25-10-2024,100268,27,29,100324
26-10-2024,123859,33,25,123917
27-10-2024,140189,32,35,140256
28-10-2024,76079,29,11,76119
29-10-2024,60177,15,15,60207
30-10-2024,61211,60,22,61293
31-10-2024,58245,165,33,58443
01-11-2024,89676,20,11,89707
02-11-2024,120330,15,9,120354
03-11-2024,132149,30,21,132200
04-11-2024,74120,6,15,74141
05-11-2024,54661,16,22,54699
06-11-2024,55458,11,25,55494
07-11-2024,69112,14,10,69136
08-11-2024,99490,22,32,99544
09-11-2024,131953,30,35,132018
10-11-2024,129018,22,26,129066
11-11-2024,101259,5,52,101316
12-11-2024,62191,6,22,62219
13-11-2024,61545,7,11,61563
14-11-2024,72001,9,13,72023
15-11-2024,97116,14,6,97136
16-11-2024,123016,17,20,123053
17-11-2024,123104,17,13,123134
18-11-2024,72398,9,18,72425
19-11-2024,56971,10,22,57003
20-11-2024,60915,13,32,60960
21-11-2024,74364,18,19,74401
22-11-2024,103390,17,15,103422
23-11-2024,130627,15,10,130652
24-11-2024,130256,12,16,130284
25-11-2024,75639,4,18,75661
26-11-2024,69139,7,10,69156
27-11-2024,96142,10,21,96173
28-11-2024,89058,4,3,89065
29-11-2024,105241,16,7,105264
30-11-2024,118291,4,23,118318
01-12-2024,140282,10,6,140298
02-12-2024,79101,10,29,79140
03-12-2024,59322,6,14,59342
04-12-2024,52125,6,20,52151
05-12-2024,64632,1,10,64643
06-12-2024,97442,19,22,97483
07-12-2024,113969,13,15,113997
08-12-2024,105854,7,25,105886
09-12-2024,62275,5,13,62293
10-12-2024,56492,2,19,56513
11-12-2024,55018,6,14,55038
12-12-2024,60295,7,11,60313
13-12-2024,86246,5,8,86259
14-12-2024,111267,6,7,111280
15-12-2024,106970,10,11,106991
16-12-2024,73999,8,18,74025
17-12-2024,61696,5,18,61719
18-12-2024,64628,5,18,64651
19-12-2024,72585,10,17,72612
20-12-2024,105081,14,11,105106
21-12-2024,133446,7,10,133463
22-12-2024,127216,9,22,127247
23-12-2024,114110,7,14,114131
24-12-2024,81691,4,16,81711
25-12-2024,66509,7,4,66520
26-12-2024,131351,3,8,131362
27-12-2024,155041,1,29,155071
28-12-2024,152142,19,10,152171
29-12-2024,143293,10,17,143320
30-12-2024,133345,12,18,133375
31-12-2024,100931,6,14,100951
01-01-2025,93674,5,4,93683
02-01-2025,104213,5,3,104221
03-01-2025,114242,3,14,114259
04-01-2025,134141,15,22,134178
05-01-2025,116613,8,20,116641
06-01-2025,63526,5,20,63551
07-01-2025,51400,8,22,51430
08-01-2025,49483,2,17,49502
09-01-2025,55900,13,15,55928
10-01-2025,69863,9,18,69890
11-01-2025,92938,10,9,92957
12-01-2025,96210,1,15,96226
13-01-2025,49707,1,8,49716
14-01-2025,44511,4,32,44547
15-01-2025,48155,1,26,48182
16-01-2025,59349,14,18,59381
17-01-2025,94394,17,18,94429
18-01-2025,108917,6,60,108983
19-01-2025,102748,11,27,102786
20-01-2025,59297,12,32,59341
21-01-2025,41858,9,16,41883
22-01-2025,43264,6,18,43288
23-01-2025,53202,3,15,53220
24-01-2025,72084,8,43,72135
25-01-2025,93841,35,39,93915
26-01-2025,90446,14,60,90520
27-01-2025,50732,5,10,50747
28-01-2025,45601,0,17,45618
29-01-2025,45974,4,24,46002
30-01-2025,56800,15,20,56835
31-01-2025,74031,9,64,74104
01-02-2025,87553,19,36,87608
02-02-2025,84117,11,25,84153
03-02-2025,46415,7,29,46451
04-02-2025,42628,14,32,42674
05-02-2025,43071,5,24,43100
06-02-2025,44417,21,43,44481
07-02-2025,69363,12,49,69424
08-02-2025,80198,10,55,80263
09-02-2025,73686,7,13,73706
10-02-2025,44939,10,25,44974
11-02-2025,44032,13,51,44096
12-02-2025,45380,6,60,45446
13-02-2025,47899,2,8,47909
14-02-2025,100977,31,24,101032
15-02-2025,101091,20,58,101169
16-02-2025,74789,19,21,74829
17-02-2025,105366,7,8,105381
18-02-2025,62319,19,26,62364
19-02-2025,53826,10,31,53867
20-02-2025,59151,21,23,59195
21-02-2025,79276,15,37,79328
22-02-2025,98069,28,48,98145
23-02-2025,94372,5,34,94411
24-02-2025,51408,19,39,51466
25-02-2025,46256,11,48,46315
26-02-2025,48990,16,29,49035
27-02-2025,55153,9,41,55203
28-02-2025,77573,27,33,77633
